time,month,day,hour,storm_id,area,bounds,clon,clat,PS_u,PS_v,tmin,rain_vol,rain_max,tmean,tminlat,tminlon
2006-07-25 16:00:00,7,25,16,4,47444.0,"2379,655,275,311",374.20225,6.59475,-11.205,3.015,207.65,86916.65190637154,83.48853693382321,226.68,7.94475,373.77025000000003
2006-07-25 16:00:00,7,25,16,50,1554,"1045,1128,47,51",354.42475,14.89725,-32.88,1.44,205.14,7457.881599058862,32.44685620459385,220.05,14.85675,354.47875
2006-07-25 16:00:00,7,25,16,26,8287.0,"2896,97,159,97",380.11525,0.47924999999999995,-0.195,-0.105,199.79,12443.601121805305,36.07582503926337,214.01,0.41174999999999995,380.31775
2006-07-25 16:00:00,7,25,16,40,2303.0,"3184,995,67,48",383.46325,13.12875,-18.885,-1.215,211.54,545.9708642000539,5.162194156612543,223.15,13.35825,383.61175000000003
2006-07-25 16:00:00,7,25,16,49,2576,"1433,1119,98,57",360.01375,14.72175,22.71,3.195,203.11,1756.3977155048185,4.796245214013796,219.61,14.49225,359.54125
2006-07-25 16:00:00,7,25,16,48,545,"563,859,25,29",347.76925,11.38725,-9.0,21.27,209.97,4749.991778791919,60.19023446703876,227.7,11.36025,347.83675
2006-07-25 16:00:00,7,25,16,27,2028.0,"2359,239,120,49",372.79825,2.9767499999999996,-27.315,-8.399999999999999,230.39,1.2346842015547514,0.0031647182044791,236.04,3.12525,372.17725
2006-07-25 16:00:00,7,25,16,28,4375.0,"3067,677,117,114",382.27525,8.37675,-16.275,-9.045,222.12,2333.182739885746,3.64814518473192,232.78,8.56575,382.49125000000004
2006-07-25 16:00:00,7,25,16,47,34606,"290,796,208,246",345.32575,8.95725,-10.815,0.8250000000000001,208.78,7585.941875043834,26.03910812728946,224.36,7.7017500000000005,346.31125000000003
2006-07-25 16:00:00,7,25,16,32,15605.0,"2275,1156,171,158",371.96125,14.51925,-9.78,-0.495,199.04,20105.47337092527,41.58734414526872,214.87,14.84325,371.38075000000003
2006-07-25 16:00:00,7,25,16,46,1061,"2879,154,67,20",379.29175,1.96425,-6.105,-2.625,210.86,3.106444613863335,0.1795180421792944,221.91,1.96425,379.33225
2006-07-25 16:00:00,7,25,16,45,3628.0,"1632,1229,108,69",362.71375,16.15275,-16.634999999999998,0.21,207.6,1740.4224481001522,11.919322720301052,225.41,16.01775,362.60575
2006-07-25 16:00:00,7,25,16,33,15728.0,"1979,1237,214,175",368.31625,15.49125,-25.35,1.41,201.98,12338.62366170889,31.103045902619183,221.59,15.46425,367.53325
2006-07-25 16:00:00,7,25,16,44,2074.0,"2683,1219,80,42",376.80775,16.17975,-43.305,1.125,211.84,959.892895427034,4.773657519675629,225.88,16.22025,376.76725
2006-07-25 16:00:00,7,25,16,34,13495.0,"2752,1197,172,134",378.36025,15.27525,-25.68,-0.075,199.1,17285.14363168303,33.68969663619419,218.76,14.55975,378.21175
2006-07-25 16:00:00,7,25,16,35,9772.0,"2003,1410,106,130",367.72225000000003,18.15075,-20.82,2.325,210.66,8885.061425916818,27.5644043502128,225.71,17.70525,367.39825
2006-07-25 16:00:00,7,25,16,36,12688.0,"3149,447,150,261",383.66575,4.24575,-32.82,-1.305,216.64,767.1425661739241,0.5426245018115772,230.85,5.79825,383.96275
2006-07-25 16:00:00,7,25,16,43,5571.0,"1176,1125,104,73",356.57125,14.70825,-27.12,2.535,199.66,7084.690355846518,33.155577964037114,211.9,14.65425,356.36875000000003
2006-07-25 16:00:00,7,25,16,42,8114.0,"1274,1153,153,126",358.42075,14.50575,29.67,0.4649999999999999,198.77,9880.381110775235,23.74322239803661,215.95,14.34375,357.74575
2006-07-25 16:00:00,7,25,16,41,1801.0,"3236,1081,50,54",384.07075000000003,14.22225,-27.375,-0.135,212.53,9748.062754039858,31.449616713243618,224.74,14.16825,384.11125000000004
2006-07-25 16:00:00,7,25,16,37,1881.0,"3013,645,53,55",381.07375,8.322750000000001,-11.55,-3.99,214.66,1113.7703705965855,8.96108485689592,228.26,8.24175,380.97925
2006-07-25 16:00:00,7,25,16,38,2520.0,"2518,707,118,33",374.68825000000004,9.34875,-16.695,18.885,210.58,3591.56684862524,42.25700873562397,224.62,9.36225,374.58025000000004
2006-07-25 16:00:00,7,25,16,51,741,"865,1277,41,25",351.92725,17.07075,0.315,-0.03,212.51,1066.7391206566133,0.9933628026495374,223.56,17.13825,351.83275000000003
2006-07-25 16:00:00,7,25,16,20,47447.0,"2083,1007,370,319",370.38175,11.42775,-12.57,0.3,201.46,79328.1052660375,61.82328710345076,219.22,13.37175,369.49075
2006-07-25 16:00:00,7,25,16,39,2635.0,"1449,918,86,45",360.17575,12.08925,4.095,0.51,196.82,9808.688698764812,44.33649434806605,215.96,12.03525,360.28375
2006-07-25 16:00:00,7,25,16,7,4680.0,"1607,562,197,90",363.17275,6.87825,-25.065,-0.5549999999999999,227.88,1031.3986756697602,4.383234931364621,235.96,6.54075,362.02525
2006-07-25 16:00:00,7,25,16,13,92118.0,"1510,1161,388,465",363.13225,12.12975,-3.06,-2.145,196.94,204031.2272292649,61.19427005865531,219.97,13.30425,361.98475
2006-07-25 16:00:00,7,25,16,5,85874.0,"2720,1050,390,417",379.04875000000004,11.21175,-5.46,0.36,197.86,126317.129158028,82.46166450965808,225.74,12.72375,378.30625000000003
2006-07-25 16:00:00,7,25,16,6,67413.0,"0,845,299,375",341.76175,8.72775,-2.67,-0.705,203.48,87347.08026070526,65.82811011406855,224.79,9.09225,340.20925
2006-07-25 17:00:00,7,25,17,13,148083.0,"1140,1228,742,539",361.56625,12.73725,-8.67,-1.545,195.7,232289.59914186056,52.750986357464754,219.24,11.81925,360.09475000000003
2006-07-25 17:00:00,7,25,17,46,2042.0,"2878,203,74,42",379.42675,2.4637499999999997,-0.8999999999999999,49.53,203.81,1967.0141840748736,25.988491344864745,219.91,2.61225,379.68325
2006-07-25 17:00:00,7,25,17,56,8877,"2087,1024,120,98",369.01825,13.12875,-10.455,-0.015,196.96,9294.39531923761,48.34906844818737,218.37,12.96675,368.62675
2006-07-25 17:00:00,7,25,17,32,22011.0,"2238,1166,200,172",371.62375000000003,14.57325,-8.355,-0.405,198.84,15649.865852094888,54.01554821053743,217.88,14.37075,371.28625
2006-07-25 17:00:00,7,25,17,57,467,"685,960,27,25",349.41625,12.77775,-14.46,-0.015,209.2,0.0031807675384772,1.572770662706317e-05,227.04,12.73725,349.44325000000003
2006-07-25 17:00:00,7,25,17,44,3069.0,"2663,1238,77,60",376.52425,16.30125,-18.735,5.19,217.59,321.91101591631445,4.685099784969975,225.91,16.30125,376.72675000000004
2006-07-25 17:00:00,7,25,17,58,1778,"525,1032,45,51",347.39125,13.58775,-16.365000000000002,-12.36,195.68,2411.8001237713424,15.23295704372095,212.5,13.53375,347.36425
2006-07-25 17:00:00,7,25,17,33,34954.0,"1975,1411,205,358",367.85725,16.49025,-12.45,2.22,198.55,22529.976248556864,25.56396486371578,223.06,14.37075,368.37025
2006-07-25 17:00:00,7,25,17,53,591,"631,804,36,22",348.75475,10.68525,-20.16,-0.045,215.33,1161.966371592618,1.705194488986786,228.6,10.68525,348.78175
2006-07-25 17:00:00,7,25,17,36,14880.0,"3120,473,179,285",383.57125,4.59675,-14.385,1.755,219.25,1038.9277014829547,41.92937333376351,230.31,5.59575,384.48925
2006-07-25 17:00:00,7,25,17,59,2765,"327,1075,65,83",344.86675,13.88475,-17.835,-18.93,198.04,3159.523150533155,39.01220446564796,218.32,13.53375,345.00175
2006-07-25 17:00:00,7,25,17,41,4142.0,"3205,1095,74,79",383.82775000000004,14.23575,-13.275,-0.06,204.02,19397.31655430508,52.19967822516705,221.17,14.23575,383.70625
2006-07-25 17:00:00,7,25,17,60,4138,"589,1219,80,85",348.47125,15.85575,-12.465,-9.78,199.71,6778.107598403471,22.586188345884,216.65,15.76125,348.63325000000003
2006-07-25 17:00:00,7,25,17,37,2850.0,"2973,643,80,65",380.70925,8.21475,-14.055,0.4649999999999999,219.86,3.918074631367016,0.0003531790027451,230.57,7.99875,380.38525000000004
2006-07-25 17:00:00,7,25,17,4,48091.0,"2343,652,297,307",373.90525,6.89175,-4.949999999999999,3.84,205.22,95028.05679905014,57.53266232645002,227.41,8.14725,373.43275
2006-07-25 17:00:00,7,25,17,38,4644.0,"2472,719,183,36",374.56675,9.47025,-18.075000000000003,3.675,214.39,1145.227437184344,6.71651957520931,225.58,9.57825,375.10675000000003
2006-07-25 17:00:00,7,25,17,40,2984.0,"3168,992,80,53",383.24725,13.04775,-13.05,-3.5250000000000004,214.53,53.83438508781413,0.4227979101532873,227.58,12.81825,383.66575
2006-07-25 17:00:00,7,25,17,5,104099.0,"2659,1216,413,576",378.29275,12.29175,-3.795,-9.15,197.4,139599.23614749825,62.16043886664808,223.69,12.75075,377.65825
2006-07-25 17:00:00,7,25,17,47,30659.0,"284,816,189,277",345.08275000000003,8.88975,-4.44,1.305,210.8,7984.443234898094,25.23154025948402,226.52,7.59375,345.87925
2006-07-25 17:00:00,7,25,17,26,16077.0,"2818,100,238,100",379.76425,0.57375,-0.5549999999999999,1.515,198.24,18127.777851733204,25.39112309904784,212.4,0.62775,380.87125000000003
2006-07-25 17:00:00,7,25,17,28,3892.0,"3045,664,117,115",381.99175,8.20125,-21.36,0.8400000000000001,218.83,1557.470235730236,3.676717183968884,231.33,8.24175,381.95125
2006-07-25 17:00:00,7,25,17,51,2408.0,"827,1285,73,44",351.65725000000003,17.04375,-10.935,1.335,210.8,653.3709666371772,3.864509234571901,222.39,17.016750000000002,351.75175
2006-07-25 17:00:00,7,25,17,50,8921.0,"977,1144,135,156",354.19525,14.51925,-22.200000000000003,0.735,196.19,13772.649335767192,31.33617011707664,216.29,13.64175,354.69475
2006-07-25 17:00:00,7,25,17,20,46788.0,"2064,947,373,267",370.21975000000003,11.19825,-3.21,0.705,197.75,76045.19212349928,105.68202633693645,220.95,11.54925,369.89575
2006-07-25 17:00:00,7,25,17,54,1049,"363,867,41,46",345.17725,11.40075,-19.14,0.06,212.41,2309.956367385166,48.77889882436188,229.96,11.46825,345.20425
2006-07-25 17:00:00,7,25,17,52,952,"744,678,55,33",350.46925,8.97075,-12.645,-2.535,219.04,9561.673694576331,61.63206461066818,230.36,9.024750000000001,350.33425
2006-07-25 17:00:00,7,25,17,7,473.0,"1569,485,57,19",361.57975,6.44625,-25.065,-5.19,232.3,0.0,0.0,237.7,6.37875,361.36375
2006-07-25 17:00:00,7,25,17,48,5812.0,"473,893,124,95",347.21575,11.46825,-0.93,0.045,206.15,13827.99285382218,35.70085747115559,223.22,11.49525,347.95825
2006-07-25 17:00:00,7,25,17,55,2462,"2470,941,82,45",373.93225,12.37275,-24.915,23.31,203.98,2459.15655857128,14.196273662086018,218.9,12.494250000000001,373.94575000000003
2006-07-25 17:00:00,7,25,17,27,637.0,"2358,232,62,20",372.27175,3.0172499999999998,-14.46,-10.215,234.59,1.0033811508013202,0.0017219101221812,237.96,3.03075,372.35275
2006-07-25 17:00:00,7,25,17,6,62426.0,"0,871,285,398",341.53225000000003,8.74125,-2.265,0.78,205.09,65962.96537729075,80.98568042081172,226.31,8.12025,340.53325
2006-07-25 18:00:00,7,25,18,41,7364.0,"3168,1106,112,99",383.57125,14.26275,-12.015,-0.795,200.35,19550.13881806989,28.54971111790605,217.61,14.22225,383.59825
2006-07-25 18:00:00,7,25,18,51,3056.0,"809,1294,75,59",351.46825,17.07075,0.12,0.18,215.73,191.5621840411074,4.318398125324172,225.73,16.84125,351.56275
2006-07-25 18:00:00,7,25,18,60,8470.0,"559,1241,117,113",348.22825,16.00425,-12.225,0.81,197.4,7114.138141195269,29.10375286489135,212.3,15.54525,348.39025000000004
2006-07-25 18:00:00,7,25,18,63,940,"395,1012,36,55",345.62275,13.31775,0.675,5.97,213.99,0.1561802619538566,0.0007271997543398,228.97,13.41225,345.67675
2006-07-25 18:00:00,7,25,18,52,2252.0,"687,685,107,49",350.13175,8.91675,-21.285,-4.215,211.21,9175.246968925494,47.578096208515085,225.71,8.75475,350.56375
2006-07-25 18:00:00,7,25,18,40,2279.0,"3145,979,93,47",383.03125,12.87225,-19.425,-18.42,223.6,2.9939679010545506,0.0055976464525659,232.42,12.83175,383.24725
2006-07-25 18:00:00,7,25,18,62,2131,"188,674,48,63",342.82825,8.64675,-3.18,12.105,213.1,16616.37265234329,66.92859704795983,228.97,8.74125,343.00375
2006-07-25 18:00:00,7,25,18,50,16164.0,"943,1158,166,193",353.93875,14.35725,-26.34,1.305,194.76,25389.13476521483,46.35592720990843,213.76,13.43925,354.31675
2006-07-25 18:00:00,7,25,18,47,25272.0,"275,834,181,308",344.85325,8.83575,-3.495,0.24,213.76,3605.63169791064,11.844527273461209,229.29,11.26575,345.64975
2006-07-25 18:00:00,7,25,18,53,2606.0,"574,826,85,56",348.32275,10.77975,-16.14,2.205,215.56,4359.119374118788,58.75227733274031,226.11,10.75275,348.12025
2006-07-25 18:00:00,7,25,18,58,3846.0,"496,1059,69,81",347.16175,13.72275,10.485,3.51,196.3,387.890043104273,2.240388647789721,210.39,13.61475,347.05375000000004
2006-07-25 18:00:00,7,25,18,54,4982.0,"340,899,99,117",345.24475,11.45475,-14.385,3.06,208.17,7200.41871688633,53.33276220842819,227.31,11.33325,345.59575
2006-07-25 18:00:00,7,25,18,64,623,"705,1118,29,28",349.69975,14.89725,16.755,2.475,203.26,412.0999426267376,0.3039998277205491,219.32,14.91075,349.68625000000003
2006-07-25 18:00:00,7,25,18,57,2415.0,"650,976,97,40",349.44325000000003,12.89925,23.19,1.4249999999999998,203.07,576.6755914455006,0.0021084513079853,222.45,12.71025,349.87525
2006-07-25 18:00:00,7,25,18,48,12380.0,"442,918,167,144",347.02675,11.52225,-6.015,-1.155,200.83,24550.879451468896,47.7363957060432,219.37,11.34675,348.14725
2006-07-25 18:00:00,7,25,18,55,3707.0,"2446,945,101,50",373.68925,12.42675,-20.04,2.985,207.99,1810.1006459012733,16.592468027052526,221.76,12.64275,373.45975
2006-07-25 18:00:00,7,25,18,59,7285.0,"293,1112,96,118",344.58325,14.12775,-19.62,7.709999999999999,196.92,13619.589602474944,38.35750449160157,212.47,13.70925,344.52925
2006-07-25 18:00:00,7,25,18,46,5291.0,"2819,224,119,69",378.90025,2.5447499999999996,-15.75,19.125,204.12,1021.0428242309874,15.517691934160048,218.91,2.66625,379.11625000000004
2006-07-25 18:00:00,7,25,18,61,2594,"2510,585,111,31",374.68825000000004,7.7017500000000005,0.195,1.6949999999999998,215.67,5538.911837052809,31.692783016951537,228.44,7.67475,374.53975
2006-07-25 18:00:00,7,25,18,36,14114.0,"3147,486,152,298",383.43625000000003,4.71825,-12.419999999999998,4.785,218.85,120.98311985168831,0.603447461184737,230.43,5.32575,383.96275
2006-07-25 18:00:00,7,25,18,28,2723.0,"3052,639,86,72",381.78925000000004,8.133750000000001,-21.255,-1.35,216.67,181.3487713247391,2.0283629014677635,229.95,8.05275,381.80275
2006-07-25 18:00:00,7,25,18,26,25795.0,"2788,147,284,147",379.65625,0.7897500000000001,-0.645,4.89,197.59,34551.45249357164,59.47527909617696,214.75,0.06075,380.66875
2006-07-25 18:00:00,7,25,18,32,24470.0,"2199,1175,217,185",371.12425,14.62725,-10.89,-1.6800000000000002,200.82,11961.252587325896,15.561858586034123,220.78,14.16825,370.90825
2006-07-25 18:00:00,7,25,18,33,37248.0,"1942,1423,198,378",367.54675000000003,16.43625,-9.075,1.365,196.66,46453.3287474672,47.02473854116816,222.97,15.00525,367.23625
2006-07-25 18:00:00,7,25,18,13,174199.0,"1081,1229,787,540",360.76975,12.93975,-3.33,-2.175,194.44,239433.7108885372,98.30057248176,219.63,12.399750000000001,361.05325
2006-07-25 18:00:00,7,25,18,20,58961.0,"2051,1037,355,367",369.69325000000003,11.697750000000001,-6.0600000000000005,1.245,197.47,89152.9840548978,73.13550727302831,222.19,11.63025,369.55825
2006-07-25 18:00:00,7,25,18,5,106719.0,"2619,1249,390,607",377.69875,12.91275,-5.19,-3.315,196.12,148457.83004280736,63.54498760129212,222.74,13.62825,377.90125
2006-07-25 18:00:00,7,25,18,4,43338.0,"2310,682,331,304",373.54075,7.22925,-2.745,-0.75,207.52,81636.1160543537,62.76702889415217,228.17,8.91675,375.05275
2006-07-25 18:00:00,7,25,18,37,1894.0,"2936,636,80,74",380.20975,7.97175,-17.895,-3.66,228.16,0.0,0.0,236.08,7.72875,379.93975
2006-07-25 18:00:00,7,25,18,38,5516.0,"2439,729,210,43",374.55325,9.56475,-8.055,-3.54,208.17,575.2342006652564,1.6053038778830673,224.72,9.68625,375.32275000000004
2006-07-25 18:00:00,7,25,18,6,51080.0,"0,861,236,392",341.22175,8.79525,-3.945,2.46,209.1,37596.23129753958,43.95410104985267,227.38,8.25525,340.38475
2006-07-25 19:00:00,7,25,19,55,4252.0,"2415,952,128,59",373.52725,12.45375,-7.545,-1.29,209.74,256.1217996004912,0.7086066744908369,224.3,12.35925,373.41925000000003
2006-07-25 19:00:00,7,25,19,51,2359.0,"802,1292,64,60",351.26575,17.05725,-14.805,0.4649999999999999,225.97,19.549727181917014,0.0512586972580623,233.93,16.69275,350.92825
2006-07-25 19:00:00,7,25,19,52,3731.0,"650,688,128,65",349.79425000000003,8.86275,-21.735,-2.85,215.01,8256.482763558623,32.174770184308954,226.71,8.83575,350.26675
2006-07-25 19:00:00,7,25,19,6,40133.0,"0,876,225,407",341.00575000000003,8.74125,-10.035,0.915,211.85,14969.740964046723,36.61880018917135,230.18,8.417250000000001,342.90925
2006-07-25 19:00:00,7,25,19,20,77687.0,"1919,1348,358,642",368.19475,13.66875,-5.745,-12.72,198.23,118579.03574659786,127.96316234296222,219.57,11.71125,368.96425
2006-07-25 19:00:00,7,25,19,57,5143.0,"621,993,147,53",349.42975,13.06125,-5.775,12.405,205.29,74.15896517359626,0.8136359100231605,223.41,12.84525,349.75375
2006-07-25 19:00:00,7,25,19,13,209089.0,"917,1226,887,543",359.25775,13.18275,-2.475,-1.455,194.43,245390.4911185168,65.30860817344885,219.08,13.37175,354.08725000000004
2006-07-25 19:00:00,7,25,19,63,3090.0,"357,1041,56,103",345.20425,13.27725,-24.495,9.855,193.79,9673.293023239396,58.20697614868091,224.02,12.88575,345.21775
2006-07-25 19:00:00,7,25,19,26,47203.0,"2743,278,316,278",379.22425,1.45125,0.36,5.67,198.75,72794.73453408656,80.95977075802229,217.12,1.76175,380.73625000000004
2006-07-25 19:00:00,7,25,19,48,31622.0,"320,944,331,190",346.64875,11.52225,-7.365,3.075,197.44,64595.665091542,125.98167157678937,220.85,11.30625,346.01425
2006-07-25 19:00:00,7,25,19,62,3384.0,"166,686,71,73",342.73375,8.74125,-4.7700000000000005,2.835,210.39,11340.166935359,48.4425864204682,223.83,8.417250000000001,342.90925
2006-07-25 19:00:00,7,25,19,38,15195.0,"2451,740,183,137",374.48575,9.07875,-6.959999999999999,3.06,206.16,30469.54541134157,42.6798631354083,223.23,8.95725,374.51275
2006-07-25 19:00:00,7,25,19,58,5105.0,"467,1086,80,103",346.89175,13.88475,-13.05,3.3600000000000003,199.26,98.65243800972416,0.7392937800202916,214.35,13.68225,346.70275000000004
2006-07-25 19:00:00,7,25,19,47,17798.0,"279,857,172,344",344.62375000000003,8.86275,-8.64,-1.08,216.41,1993.0710117160047,10.415817194888772,231.51,11.30625,346.01425
2006-07-25 19:00:00,7,25,19,60,13720.0,"532,1256,147,141",348.06625,16.15275,-9.66,4.38,198.1,5843.253422586276,32.15732430788842,215.21,15.20775,347.83675
2006-07-25 19:00:00,7,25,19,65,1384,"762,903,50,38",350.57725,11.94075,-13.86,7.635,199.24,5457.157355621354,38.6262679921299,218.7,11.88675,350.60425000000004
2006-07-25 19:00:00,7,25,19,41,11258.0,"3141,1119,138,122",383.35525,14.28975,-10.005,-0.4349999999999999,205.06,5905.369756196434,13.360016536537586,218.44,14.51925,383.20675
2006-07-25 19:00:00,7,25,19,4,26914.0,"2323,642,237,211",373.01425,7.29675,-1.41,13.5,216.38,32199.807785492056,60.97331715544661,230.69,7.04025,372.66325
2006-07-25 19:00:00,7,25,19,64,1939.0,"674,1133,55,47",349.47025,14.96475,-7.17,1.77,202.5,2449.510085105472,24.40960021648981,214.84,14.91075,349.45675
2006-07-25 19:00:00,7,25,19,36,14328.0,"3120,494,179,309",383.31475,4.81275,-13.35,0.93,218.22,42.50087234441945,0.1004770984035035,229.49,5.87925,384.17875000000004
2006-07-25 19:00:00,7,25,19,5,97044.0,"2581,1263,334,562",377.11825,13.27725,-6.465,4.59,196.82,157085.5155169776,55.2829080673248,222.01,13.53375,377.32075000000003
2006-07-25 19:00:00,7,25,19,59,12395.0,"251,1146,132,154",344.28625,14.33025,-15.66,8.19,195.79,26878.31546615995,68.95111960360472,212.86,14.28975,344.04325
2006-07-25 19:00:00,7,25,19,32,28531.0,"2161,1177,216,263",370.62475,14.26275,-10.56,-3.645000000000001,198.39,9338.139157047704,36.165372503652975,222.09,13.12875,370.70575
2006-07-25 19:00:00,7,25,19,61,1556.0,"2492,587,93,23",374.22925,7.78275,-3.645000000000001,4.800000000000001,225.4,9680.137127047305,28.210793821433388,233.07,7.76925,374.05375000000004
2006-07-25 19:00:00,7,25,19,28,2294.0,"3020,621,81,66",381.31675,7.90425,-25.995,-7.35,221.94,5.325716108972579e-07,3.826501608169078e-09,231.32,7.76925,381.18175
2006-07-25 20:00:00,7,25,20,57,6006.0,"604,1010,154,67",349.24075,13.16925,-17.43,4.23,209.28,3.1969535676061045,0.0006837085803456,224.51,12.83175,349.42975
2006-07-25 20:00:00,7,25,20,55,4161.0,"2428,958,100,69",373.44625,12.44025,-1.905,-2.175,216.61,12.633208111192866,0.0278739207100424,228.1,12.31875,373.05475
2006-07-25 20:00:00,7,25,20,4,11876.0,"2333,593,220,103",372.93325,7.20225,-4.035,15.255,218.05,23183.58713463974,42.96392714960726,230.37,7.5127500000000005,373.16275
2006-07-25 20:00:00,7,25,20,59,17392.0,"203,1146,184,149",344.00275,14.53275,-3.6,2.16,196.37,49807.69066220477,75.13015641393112,213.56,14.33025,343.77325
2006-07-25 20:00:00,7,25,20,58,6917.0,"412,1110,117,145",346.44625,13.92525,-16.155,11.505,206.34,18.18913142388832,0.16983937049526,222.1,13.81725,346.51375
2006-07-25 20:00:00,7,25,20,62,4472.0,"150,700,80,86",342.58525000000003,8.86275,-12.0,5.58,212.45,3785.979767632277,26.668603863720623,225.1,8.60625,342.76075000000003
2006-07-25 20:00:00,7,25,20,5,85937.0,"2546,1166,355,457",376.75375,12.92625,-4.32,1.125,198.76,186515.58071486856,65.45263287653319,221.8,13.74975,374.82325000000003
2006-07-25 20:00:00,7,25,20,6,21102.0,"0,834,101,313",340.60075,9.22725,-5.67,1.14,223.18,1791.571402157692,25.09965972587036,233.3,9.61875,340.42525
2006-07-25 20:00:00,7,25,20,60,22428.0,"509,1282,220,171",348.21475000000004,16.35525,-12.03,0.03,198.12,11069.415176265911,18.92546689935371,217.97,16.32825,349.32175
2006-07-25 20:00:00,7,25,20,69,3487,"531,822,103,64",347.79625,10.65825,-8.265,-3.51,214.12,7412.076571327113,47.920771188381,226.74,10.34775,348.13375
2006-07-25 20:00:00,7,25,20,36,16056.0,"3065,495,231,315",382.93675,4.82625,-24.105,-0.315,216.98,13.013193705446724,0.1096458969611373,229.78,5.5687500000000005,383.53075
2006-07-25 20:00:00,7,25,20,41,13507.0,"3126,1131,148,142",383.19325000000003,14.26275,-8.115,0.21,212.44,646.7806896486667,6.178200703112871,223.86,14.54625,383.19325000000003
2006-07-25 20:00:00,7,25,20,64,3614.0,"644,1145,75,64",349.24075,15.00525,-11.235,0.03,202.54,753.5921629673317,4.417149538057262,214.37,14.91075,349.13275
2006-07-25 20:00:00,7,25,20,32,29360.0,"2134,1189,207,262",370.21975000000003,14.33025,-10.41,-9.81,196.08,10148.13016279316,18.575838309405047,222.23,13.89825,369.65275
2006-07-25 20:00:00,7,25,20,65,3774.0,"722,920,79,63",350.22625,11.98125,-16.56,-0.63,197.28,4584.769667195503,88.47130942785193,215.53,11.792250000000001,350.41525
2006-07-25 20:00:00,7,25,20,28,1511.0,"2994,581,74,37",380.89825,7.59375,-13.830000000000002,-9.75,224.09,0.0,0.0,233.05,7.58025,380.70925
2006-07-25 20:00:00,7,25,20,47,6975.0,"283,684,162,180",344.65075,7.93125,-3.57,-0.8400000000000001,221.69,361.4325129318462,1.3166153846430186,234.31,9.17325,344.05675
2006-07-25 20:00:00,7,25,20,66,5000,"81,598,89,126",341.78875,7.20225,-4.92,1.77,220.41,6045.385912231781,59.072378668653016,233.81,6.77025,341.62675
2006-07-25 20:00:00,7,25,20,26,59454.0,"2712,293,333,293",378.92725,1.69425,-4.545,3.45,198.43,77925.10556259836,50.1321564955392,219.42,2.31525,380.45275000000004
2006-07-25 20:00:00,7,25,20,48,39940.0,"298,1046,332,293",346.12225,11.96775,-6.15,7.154999999999999,194.44,73633.63999622039,47.372680964569376,216.3,12.95325,345.09625
2006-07-25 20:00:00,7,25,20,68,4011,"264,875,63,147",343.97575,10.73925,-15.39,14.37,221.43,4.602982263852029,0.0798567107647997,232.82,10.50975,343.98925
2006-07-25 20:00:00,7,25,20,20,81855.0,"1905,1335,349,600",367.81675,13.89825,-9.33,-5.01,196.99,90639.33249980172,59.51259258168239,220.24,13.89825,369.65275
2006-07-25 20:00:00,7,25,20,38,15947.0,"2426,755,194,156",374.17525,9.10575,-7.395,8.625,204.92,28561.336195521308,42.415850682241214,223.24,9.09225,374.60725
2006-07-25 20:00:00,7,25,20,13,210900.0,"892,1208,862,519",358.46125,13.290750000000001,-2.4000000000000004,-0.2249999999999999,193.43,223041.3672516476,123.31120861888462,218.6,12.92625,358.27225
2006-07-25 20:00:00,7,25,20,52,4748.0,"622,698,143,76",349.37575000000004,8.86275,-18.36,-4.875,218.16,10315.96710710197,56.53848588597583,230.53,9.34875,349.13275
2006-07-25 20:00:00,7,25,20,67,5693,"2334,650,116,72",372.27175,8.28225,-0.495,10.17,221.86,2110.242932694979,21.09589830121644,233.7,8.67375,372.48775
2006-07-25 21:00:00,7,25,21,67,1971.0,"2340,656,96,33",372.21775,8.60625,-3.54,11.01,224.5,1794.098683924465,78.99582198251404,236.22,8.511750000000001,372.74425
2006-07-25 21:00:00,7,25,21,69,3050.0,"526,823,74,74",347.58025000000004,10.55025,-7.605,-5.79,204.89,10956.387540883734,45.418888656090274,225.07,10.42875,347.97175
2006-07-25 21:00:00,7,25,21,71,1680,"604,708,62,41",348.55225,9.28125,-14.055,-7.77,215.98,4634.175709298575,23.6217668577725,228.58,9.38925,348.59275
2006-07-25 21:00:00,7,25,21,70,1007,"3062,25,79,25",381.88375,0.10125,-0.0,-0.0,202.04,247.01283314029945,0.0070816112447524,215.61,0.10125,381.89725
2006-07-25 21:00:00,7,25,21,72,1390,"951,802,65,34",353.34475000000003,10.57725,-7.215,-6.824999999999999,207.7,8064.356655653019,47.51025195063272,224.53,10.67175,353.52025000000003
2006-07-25 21:00:00,7,25,21,65,6338.0,"672,928,120,83",349.88875,11.96775,-5.37,0.8699999999999999,198.16,5800.002684086123,25.19845751845929,217.76,11.697750000000001,350.09125
2006-07-25 21:00:00,7,25,21,73,967,"3088,1100,31,44",381.91075,14.54625,-16.65,0.12,213.6,2657.9209581016144,24.75734343015269,226.42,14.73525,381.91075
2006-07-25 21:00:00,7,25,21,62,4280.0,"142,712,78,94",342.40975000000003,9.01125,-14.925,7.08,216.29,138.43685699916318,0.708732339223637,230.42,8.59275,342.63925
2006-07-25 21:00:00,7,25,21,68,1633.0,"253,834,49,80",343.74625000000003,10.806750000000001,-15.255,12.9,224.35,4.084633781958025e-06,1.844244302085643e-07,234.47,10.94175,343.84075
2006-07-25 21:00:00,7,25,21,64,5625.0,"617,1156,95,82",349.03825,15.03225,-8.58,-0.0,202.35,512.720846685926,10.743717450723532,216.88,14.80275,348.75475
2006-07-25 21:00:00,7,25,21,66,1083.0,"74,510,49,40",341.34325,6.63525,0.075,1.7999999999999998,222.72,235.58729295536392,2.371276562995641,232.67,6.77025,341.50525
2006-07-25 21:00:00,7,25,21,55,1084.0,"2423,942,48,47",373.02775,12.35925,-11.055,1.89,229.29,9.038443243480884,0.040445449053475,236.16,12.31875,372.93325
2006-07-25 21:00:00,7,25,21,60,26735.0,"489,1302,244,183",348.16075,16.51725,-2.415,1.17,205.59,7214.893343840099,19.218301541372306,221.54,16.23375,349.82125
2006-07-25 21:00:00,7,25,21,20,117639.0,"1873,1341,444,569",368.05975,14.16825,-7.86,-3.72,198.73,91843.9066265594,52.7539247466359,222.13,14.11425,369.11275
2006-07-25 21:00:00,7,25,21,26,63071.0,"2699,300,323,300",378.72475000000003,1.84275,-0.5700000000000001,-3.315,197.34,79659.53606807336,55.56341915090813,220.17,2.5447499999999996,380.14225
2006-07-25 21:00:00,7,25,21,5,108399.0,"2397,1159,486,591",375.93025,12.26475,-6.074999999999999,1.38,198.81,237500.45698201272,99.95985972106295,222.1,12.80475,374.49925
2006-07-25 21:00:00,7,25,21,28,1704.0,"2963,565,80,43",380.47975,7.31025,-7.92,15.285,221.73,1.6459932950407123e-06,1.0413064417332909e-07,232.01,7.26975,380.58775
2006-07-25 21:00:00,7,25,21,36,12904.0,"3060,489,196,241",382.65325,4.866750000000001,-23.79,0.06,216.41,0.6138324454366789,0.0015204795924311,228.67,5.43375,383.11225
2006-07-25 21:00:00,7,25,21,13,203266.0,"868,1201,791,497",357.71875,13.30425,-1.485,0.12,196.35,195539.327493628,83.06424037961732,218.36,12.95325,357.88075000000003
2006-07-25 21:00:00,7,25,21,4,12071.0,"2301,579,218,103",372.47425,7.10775,-11.115,19.755,219.45,18561.34332331152,44.4380458331217,232.28,6.86475,371.56975
2006-07-25 21:00:00,7,25,21,48,73282.0,"177,1180,448,427",345.20425,13.06125,-3.795,3.99,194.8,110866.19012958604,96.52092712732508,214.55,12.71025,345.02875
2006-07-25 21:00:00,7,25,21,41,11688.0,"3116,1121,149,134",383.12575000000004,14.22225,-8.040000000000001,-0.15,219.86,46.3568095108506,0.4650359768757877,231.08,14.66775,382.07275000000004
2006-07-25 21:00:00,7,25,21,52,2883.0,"639,665,90,46",349.18675,8.68725,-9.06,-13.725,220.96,434.2960454492314,2.113393567336647,232.95,8.49825,348.98425000000003
2006-07-25 21:00:00,7,25,21,57,4221.0,"605,1019,108,70",348.91675000000004,13.26375,-16.62,-1.335,217.98,0.0369961331681309,0.0,228.77,13.06125,349.07875
2006-07-25 21:00:00,7,25,21,58,4204.0,"446,1135,66,116",346.48675000000003,14.37075,-13.77,8.19,211.64,3.1088247145193275,0.000365175815695,226.87,14.06025,346.41925000000003
2006-07-25 21:00:00,7,25,21,6,8103.0,"0,795,67,260",340.34425,9.18675,-1.095,4.050000000000001,226.66,163.51753156459426,2.530018690149624,235.44,10.53675,340.12825000000004
2006-07-25 22:00:00,7,25,22,74,5059,"2276,544,92,94",371.35375,6.7162500000000005,-18.675,-0.75,221.42,7941.321059832928,18.15306474202941,233.14,6.999750000000001,371.36725
2006-07-25 22:00:00,7,25,22,72,2414.0,"930,810,79,47",353.15575,10.60425,-12.69,9.075,201.42,12120.526931005466,56.0082609968956,219.95,10.63125,353.29075
2006-07-25 22:00:00,7,25,22,75,14768,"2356,712,206,140",373.40575,8.76825,-5.475,2.835,212.58,18261.770527709577,43.73979134928584,229.04,8.59275,373.85125
2006-07-25 22:00:00,7,25,22,71,2432.0,"565,713,82,48",348.09325,9.25425,-11.355,-0.6900000000000001,219.42,4131.597689883198,32.18158865459053,229.26,9.40275,347.94475
2006-07-25 22:00:00,7,25,22,76,546,"471,1270,37,33",346.56775,16.97625,-3.6,-0.195,230.17,9.585825354386715e-06,1.339251438643009e-07,237.16,17.08425,346.67575
2006-07-25 22:00:00,7,25,22,70,1704.0,"3035,37,91,37",381.62725,0.16875,-9.075,1.14,203.2,1333.196267512812,10.523193156630589,216.5,0.20925,381.61375
2006-07-25 22:00:00,7,25,22,5,91390.0,"2430,1166,400,477",375.75475,12.72375,-1.23,-0.345,199.77,211123.03001445805,75.46741931462043,219.67,11.07675,375.74125000000004
2006-07-25 22:00:00,7,25,22,60,28706.0,"477,1307,253,226",348.36325,16.28775,-4.095,1.53,207.33,5165.855040953216,23.6701284033524,225.9,15.15375,349.05175
2006-07-25 22:00:00,7,25,22,69,3281.0,"510,798,81,56",347.47225000000003,10.38825,-16.53,0.5700000000000001,203.36,20067.518229551853,78.03767467616868,219.43,10.46925,347.79625
2006-07-25 22:00:00,7,25,22,73,5260.0,"3031,1128,87,93",381.46525,14.60025,2.085,-18.51,194.9,17486.31357691207,45.3613489245841,221.4,14.72175,381.37075
2006-07-25 22:00:00,7,25,22,4,6215.0,"2353,582,118,83",372.56875,7.31025,-11.715,5.835,222.93,3000.84285347846,12.639119319167754,233.58,7.64775,372.36625000000004
2006-07-25 22:00:00,7,25,22,13,208711.0,"854,1203,779,507",357.36775,13.20975,-2.115,-0.495,195.04,154245.2504350284,104.5320059193917,220.14,13.26375,355.81525
2006-07-25 22:00:00,7,25,22,6,641.0,"8,786,15,66",340.18225,10.19925,0.0,0.0,229.94,0.0,0.0,236.58,10.23975,340.12825000000004
2006-07-25 22:00:00,7,25,22,58,2434.0,"443,1091,61,56",346.40575,14.34375,-7.814999999999999,-11.88,221.66,306.7011074999027,0.456036426838122,230.82,14.31675,346.24375000000003
2006-07-25 22:00:00,7,25,22,62,1681.0,"135,696,70,63",342.24775,8.90325,-12.915,9.405,222.02,6.050294807032647,0.2895557151239462,233.73,8.76825,342.35575
2006-07-25 22:00:00,7,25,22,48,87678.0,"164,1203,488,432",344.94775,13.26375,-3.075,4.050000000000001,195.29,107964.17983926996,92.77229304270062,214.85,12.46725,344.98825
2006-07-25 22:00:00,7,25,22,41,3905.0,"3174,1085,79,106",383.47675000000004,13.93875,4.965,-6.93,222.85,1.0240381547391166,0.0359299166627987,233.27,13.91175,383.58475
2006-07-25 22:00:00,7,25,22,57,2079.0,"594,1021,72,62",348.61975,13.34475,-23.745,3.915,224.15,0.0,0.0,232.18,13.57425,348.66025
2006-07-25 22:00:00,7,25,22,28,2755.0,"2921,557,100,66",380.03425,7.08075,-26.895,-7.08,220.63,2.4660834564652255e-07,0.0,231.01,7.2562500000000005,380.39875
2006-07-25 22:00:00,7,25,22,65,8198.0,"654,931,123,96",349.60525,11.95425,-13.605,1.245,201.81,10545.704776072997,36.451142795493865,220.18,11.95425,349.95625
2006-07-25 22:00:00,7,25,22,26,61445.0,"2702,288,306,288",378.57625,1.85625,-1.6800000000000002,1.515,196.78,66158.0727865784,67.75316804846497,219.13,2.69325,380.12875
2006-07-25 22:00:00,7,25,22,20,119757.0,"1847,1364,454,584",367.66825,14.19525,-8.235,-3.69,195.43,102055.83211273236,98.26921514897737,223.72,13.95225,368.49175
2006-07-25 22:00:00,7,25,22,36,12082.0,"3031,490,184,242",382.38325000000003,4.866750000000001,-14.625,-0.795,217.86,3.4103292305333346,0.049072254851919,228.99,5.15025,382.76125
2006-07-26 16:00:00,7,26,16,139,976,"3046,648,66,22",381.53275,8.57925,57.17999999999999,-37.26,208.13,1797.3352098969972,10.0822969699455,224.05,8.63325,381.53275
2006-07-26 16:00:00,7,26,16,138,1207,"3132,566,61,28",382.66675,7.45875,20.55,-16.919999999999998,203.97,467.6062214671416,10.978681816872635,222.7,7.53975,383.00425
2006-07-26 16:00:00,7,26,16,132,7049.0,"921,1289,71,145",352.91275,16.39575,12.675,1.395,199.87,5401.982218762597,15.412183543974487,216.73,16.61175,352.95325
2006-07-26 16:00:00,7,26,16,114,8639.0,"2013,789,149,119",368.19475,9.821250000000001,-21.225,1.335,215.52,20162.76631047901,49.05573185163908,231.95,9.821250000000001,368.49175
2006-07-26 16:00:00,7,26,16,137,1657,"2503,517,108,39",374.43175,6.67575,36.495,3.345,216.68,2364.663824447363,30.313321546012947,227.29,6.68925,374.51275
2006-07-26 16:00:00,7,26,16,136,34939,"0,702,322,253",342.08575,7.55325,-0.975,-1.7999999999999998,202.18,60403.93878500663,86.30753572570421,227.09,7.78275,341.26225
2006-07-26 16:00:00,7,26,16,135,1346,"3100,172,78,41",382.41025,2.05875,-25.29,-2.085,205.77,2652.971757911171,30.971998587730138,224.48,2.22075,382.59925
2006-07-26 16:00:00,7,26,16,134,503,"3225,11,51,11",383.89525000000003,0.06075,-62.355,-17.46,216.84,7.324637308006371,0.0,222.33,0.06075,383.86825
2006-07-26 16:00:00,7,26,16,115,3368.0,"1248,1001,61,81",357.21925,12.99375,-13.86,11.085,202.51,2811.7166492303445,8.488038459973342,223.21,13.16925,357.28675
2006-07-26 16:00:00,7,26,16,133,1085,"2822,35,53,35",378.48175000000003,0.26325,0.0,0.045,210.56,2179.506636941073,19.52326450492233,228.36,0.30374999999999996,378.34675
2006-07-26 16:00:00,7,26,16,131,7982.0,"537,1154,148,180",348.28225000000003,14.53275,-15.84,2.1,214.94,22.26543818031105,0.4341840534558731,230.6,14.62725,348.83575
2006-07-26 16:00:00,7,26,16,117,4211.0,"6,538,106,68",340.66825,6.72975,-0.795,-1.185,222.47,2572.945178740393,9.25601103021832,230.8,6.52725,341.24875000000003
2006-07-26 16:00:00,7,26,16,130,6021.0,"673,1125,125,130",350.02375,14.26275,-8.175,-3.885,216.21,7.112453960934579e-06,5.145892198051383e-11,228.57,13.87125,350.63125
2006-07-26 16:00:00,7,26,16,129,6383.0,"388,1141,142,119",346.23025,14.57325,-18.96,4.275,217.8,4.763493540184595,0.0007026753613544,229.02,15.04575,346.58125
2006-07-26 16:00:00,7,26,16,128,4888.0,"603,1018,90,132",348.79525,12.84525,-17.22,-7.095000000000001,218.43,0.0075178366537879,1.959851400351028e-06,231.61,12.19725,349.10575
2006-07-26 16:00:00,7,26,16,118,3010.0,"3194,967,83,59",383.76025000000004,12.69675,-21.63,1.185,199.47,5104.054847038707,20.90284635851579,221.81,12.46725,384.05725
2006-07-26 16:00:00,7,26,16,126,1806.0,"921,795,54,46",352.79125,10.42875,-23.295,-19.29,203.79,5586.334358651163,34.2274882163672,225.05,10.46925,352.76425
2006-07-26 16:00:00,7,26,16,125,3196.0,"2254,757,68,65",370.92175000000003,9.80775,-25.455,-1.095,210.97,2885.4056730528227,54.73585134352476,227.09,10.06425,370.90825
2006-07-26 16:00:00,7,26,16,124,2128.0,"3151,664,84,41",383.08525000000003,8.71425,15.75,2.49,208.49,1279.2734076566117,0.5848646361117797,222.2,8.86275,383.32825
2006-07-26 16:00:00,7,26,16,119,8451.0,"2933,85,187,77",380.85775,0.56025,-9.255,5.1,203.48,8752.176040106215,38.60985173414367,216.33,0.24975,380.61475
2006-07-26 16:00:00,7,26,16,123,1514.0,"2915,484,82,37",379.95325,6.32475,5.34,8.07,208.71,515.0434099644892,1.6275806567252298,224.87,6.41925,379.98025
2006-07-26 16:00:00,7,26,16,122,1123.0,"3095,401,69,44",382.26175,5.10975,-14.52,-2.925,214.66,1714.4810227231917,35.72475229284717,229.08,5.01525,382.28875
2006-07-26 16:00:00,7,26,16,140,2835,"2996,768,111,46",381.27625,10.02375,29.715,-27.81,197.94,7541.453422068347,31.017360662769764,216.64,10.02375,381.70825
2006-07-26 16:00:00,7,26,16,116,21366.0,"1971,1510,198,185",367.76275,19.10925,-3.63,0.885,202.9,43840.68590790856,21.569473403186368,220.38,18.87975,367.19575000000003
2006-07-26 16:00:00,7,26,16,113,7149.0,"3016,547,283,158",383.43625000000003,6.43275,-12.93,0.33,212.96,2706.1952998046872,17.67304071739905,227.44,5.757750000000001,384.05725
2006-07-26 16:00:00,7,26,16,120,3421.0,"2367,290,84,70",372.50125,3.4492499999999997,-37.98,2.655,218.83,1337.7787111720988,38.447914606086265,230.0,3.7192499999999997,372.69025
2006-07-26 16:00:00,7,26,16,141,1416,"2470,829,51,49",373.71625,10.87425,-26.655,-2.985,217.75,743.1528297094527,1.6989730495755515,230.17,10.84725,373.75675
2006-07-26 16:00:00,7,26,16,145,1994,"2120,1109,52,55",368.99125000000004,14.62725,-19.725,-44.61,202.67,646.2028139230611,0.0640290927159184,218.3,14.70825,368.86975
2006-07-26 16:00:00,7,26,16,100,2541.0,"742,744,45,86",350.30725,9.48375,-25.11,-10.14,217.86,0.0064367262728816,2.3112453110887462e-05,229.54,9.83475,350.29375
2006-07-26 16:00:00,7,26,16,144,1136,"829,960,40,40",351.48175000000003,12.69675,-8.295,-12.975,201.26,361.4920777662516,1.3994551883678927,218.95,12.79125,351.61675
2006-07-26 16:00:00,7,26,16,79,20296.0,"466,890,245,199",348.05275,10.712250000000001,-16.424999999999997,-2.985,204.19,16297.69033379936,34.362122230580724,227.56,10.45575,347.91775
2006-07-26 16:00:00,7,26,16,108,6898.0,"1867,956,131,210",366.21025000000003,11.67075,-27.825000000000003,-7.725,218.67,5.4798982315482965,0.0051430726947456,231.13,11.77875,366.50725
2006-07-26 16:00:00,7,26,16,143,2511,"426,1000,96,86",346.54075,12.96675,-19.71,0.6900000000000001,219.15,4.747271949511329,0.0148282440801928,231.97,13.08825,346.59475000000003
2006-07-26 16:00:00,7,26,16,76,1208.0,"396,1393,42,46",345.64975,18.47475,-1.395,1.2000000000000002,223.74,1.737787826594638e-09,0.0,232.71,18.52875,345.74425
2006-07-26 16:00:00,7,26,16,142,1108,"799,890,41,37",351.09025,11.76525,-15.195,-10.215,198.09,5842.691736093157,52.98989514996743,217.25,11.90025,351.15775
2006-07-26 16:00:00,7,26,16,121,2990.0,"2398,394,83,71",372.93325,4.81275,-20.295,1.6949999999999998,211.7,3075.750220087113,15.026698291992272,228.79,4.89375,373.12225
2006-07-26 16:00:00,7,26,16,103,44235.0,"209,752,311,311",344.96125,8.14725,-3.87,0.12,201.98,140661.77101925088,114.73977554071598,223.3,8.66025,344.70475
2006-07-26 17:00:00,7,26,17,152,1700,"1375,1001,57,43",359.00125,13.22325,-22.41,1.14,202.35,12691.993561363026,31.57347688677504,218.1,13.290750000000001,359.13625
2006-07-26 17:00:00,7,26,17,155,1145,"983,1337,49,39",353.60125,17.77275,0.645,-45.69,205.42,110.30642928297478,0.1707498835443034,222.74,17.82675,353.50675
2006-07-26 17:00:00,7,26,17,150,1543,"605,916,65,45",348.64675,12.11625,-18.165,-11.205,219.1,7.666134194021928e-06,1.6129742032803932e-08,230.46,12.12975,348.76825
2006-07-26 17:00:00,7,26,17,128,1237.0,"626,966,56,42",348.86275,12.69675,-16.89,-9.765,223.93,0.0,0.0,232.74,12.60225,349.05175
2006-07-26 17:00:00,7,26,17,126,2627.0,"889,786,68,52",352.46725000000004,10.26675,-19.515,-7.470000000000001,202.36,4463.333318345426,39.46111529632892,223.5,10.42875,352.52125
2006-07-26 17:00:00,7,26,17,151,761,"320,917,33,33",344.56975,12.17025,-18.57,-1.56,200.46,3724.662913402471,62.03334411820399,222.86,12.17025,344.65075
2006-07-26 17:00:00,7,26,17,124,3311.0,"3105,667,116,46",382.66675,8.74125,-24.6,4.53,213.36,0.1375384740223222,0.0008906320499369,226.11,8.91675,382.59925
2006-07-26 17:00:00,7,26,17,154,785,"1115,1120,36,29",355.32925,14.92425,-12.044999999999998,-0.51,217.68,50.59935994815446,0.9470926056670952,228.17,14.87025,355.20775000000003
2006-07-26 17:00:00,7,26,17,153,752,"1348,1073,34,30",358.42075,14.28975,-19.995,-0.585,207.47,6165.882307004475,26.350518832341745,224.85,14.33025,358.48825
2006-07-26 17:00:00,7,26,17,123,2676.0,"2890,488,93,42",379.58875,6.35175,-19.32,3.615,209.5,9.638367353588668,0.082199856181561,223.7,6.48675,379.57525
2006-07-26 17:00:00,7,26,17,122,2774.0,"3027,391,106,44",381.65425,4.98825,-22.725,-6.18,205.87,1054.314830060138,6.342805660088882,222.42,4.82625,381.19525
2006-07-26 17:00:00,7,26,17,121,4330.0,"2349,388,108,73",372.42025,4.79925,-34.545,-0.345,216.64,4708.393101486278,20.82189011527251,229.07,4.9342500000000005,372.27175
2006-07-26 17:00:00,7,26,17,125,5193.0,"2161,757,141,91",370.36825,9.68625,-22.41,1.665,213.3,1112.0121202239493,8.15968253278536,229.58,10.11825,370.53025
2006-07-26 17:00:00,7,26,17,149,882,"2798,700,65,22",378.18475,9.29475,-27.75,1.185,215.26,157.89763456050198,0.0043710803212296,228.25,9.28125,378.18475
2006-07-26 17:00:00,7,26,17,148,1455,"2367,452,94,32",372.67675,5.86575,-28.62,-5.355,207.48,1347.6767092299146,9.65598570550448,227.62,5.87925,372.91975
2006-07-26 17:00:00,7,26,17,130,4484.0,"679,1092,110,109",349.98325,14.06025,-4.815,-5.715,218.52,0.0155446713358083,0.0,232.14,13.52025,350.26675
2006-07-26 17:00:00,7,26,17,141,4141.0,"2440,839,85,106",373.52725,10.69875,-17.055,3.03,212.17,2832.8292684024354,17.601291672422118,229.84,10.712250000000001,373.90525
2006-07-26 17:00:00,7,26,17,139,1821.0,"2996,645,83,32",381.07375,8.511750000000001,-37.755,-5.775,205.36,659.4767131522138,9.733418092173617,220.44,8.47125,381.30325
2006-07-26 17:00:00,7,26,17,138,6349.0,"3008,598,226,72",382.00525,7.63425,-32.43,-0.855,204.34,3729.9178963736695,29.221252976862104,223.79,7.6072500000000005,382.34275
2006-07-26 17:00:00,7,26,17,142,3406.0,"770,899,76,62",350.91475,11.73825,-13.35,-2.31,196.09,6087.025625077851,20.25737624883519,212.35,11.94075,351.07675
2006-07-26 17:00:00,7,26,17,137,5394.0,"2399,522,184,64",373.67575,6.6217500000000005,-23.76,-4.665,211.2,4224.385729390835,11.943912194146243,225.88,6.9052500000000006,374.60725
2006-07-26 17:00:00,7,26,17,143,2193.0,"397,983,98,71",346.20325,12.89925,-28.77,-2.28,221.9,8.240740753749808e-05,1.8102241313054136e-06,232.16,12.85875,346.31125000000003
2006-07-26 17:00:00,7,26,17,135,3665.0,"3065,204,93,68",382.04575,2.26125,-18.075000000000003,2.055,207.63,5282.9774915617045,34.08224258534997,223.22,2.1937499999999996,382.24825
2006-07-26 17:00:00,7,26,17,134,1154.0,"3183,17,93,17",383.66575,0.08775000000000001,-0.12,0.0,202.67,15.24988848059596,0.2394425578164002,215.98,0.02025,383.78725000000003
2006-07-26 17:00:00,7,26,17,145,3461.0,"2089,1117,76,62",368.73475,14.68125,-28.08,1.845,204.78,33.81675022962911,0.0297196816873957,219.58,14.70825,368.45125
2006-07-26 17:00:00,7,26,17,133,2374.0,"2780,43,96,35",378.17125,0.35774999999999996,-39.525000000000006,0.0,212.33,2070.776963410076,11.59850877909966,224.61,0.35774999999999996,378.48175000000003
2006-07-26 17:00:00,7,26,17,132,12965.0,"894,1298,120,173",352.81825000000003,16.40925,-11.37,-3.1500000000000004,200.3,5407.351499842915,16.77251211510604,215.5,16.84125,353.02075
2006-07-26 17:00:00,7,26,17,146,651,"2680,47,41,37",376.42975,0.38475,0.2249999999999999,0.0,218.61,5216.748186733319,33.78024199131915,233.94,0.39825,376.34875
2006-07-26 17:00:00,7,26,17,131,6259.0,"550,1144,112,113",348.20125,14.70825,-10.35,2.07,217.52,16.987979138443144,0.0718231196405399,230.87,15.04575,348.13375
2006-07-26 17:00:00,7,26,17,147,1688,"2459,359,110,29",373.94575000000003,4.69125,-26.28,1.53,219.17,97.37663407593035,0.5232599416159519,232.96,4.74525,374.53975
2006-07-26 17:00:00,7,26,17,140,8948.0,"2921,778,178,86",380.87125000000003,9.92925,-15.48,1.185,196.22,26236.90287236104,42.82188565010034,213.74,9.69975,381.66775
2006-07-26 17:00:00,7,26,17,129,5510.0,"364,1150,145,117",346.06825000000003,14.66775,-18.93,2.805,216.68,0.00058253102071,3.857428859393224e-06,228.69,15.00525,346.14925
2006-07-26 17:00:00,7,26,17,144,2439.0,"805,968,58,57",351.23875,12.65625,-9.12,-0.5700000000000001,200.58,1188.3214078017024,3.047581422005573,215.64,12.91275,351.23875
2006-07-26 17:00:00,7,26,17,100,1942.0,"722,736,40,78",349.99675,9.45675,-34.5,-10.08,220.06,0.006374317568061,2.9180560577195752e-05,230.48,9.68625,350.01025
2006-07-26 17:00:00,7,26,17,118,7426.0,"3145,963,127,99",383.43625000000003,12.33225,-19.71,-5.324999999999999,196.29,14640.047893371464,45.13282212320209,214.65,11.98125,384.07075000000003
2006-07-26 17:00:00,7,26,17,103,85856.0,"0,774,559,333",343.54375,7.90425,-5.445,-2.415,202.64,200360.5552374014,75.25238554878129,225.41,8.71425,344.28625
2006-07-26 17:00:00,7,26,17,113,10533.0,"2981,542,318,165",383.24725,6.28425,-14.535,-1.17,205.72,836.8241248463839,14.674370240161588,225.06,7.17525,383.96275
2006-07-26 17:00:00,7,26,17,120,4887.0,"2317,306,115,80",372.05575,3.5977499999999996,-39.345,14.22,213.46,3352.994087536118,18.489223516455176,229.97,4.02975,372.52825
2006-07-26 17:00:00,7,26,17,108,5826.0,"1859,928,110,170",365.87275,11.52225,-28.245,-2.415,220.62,2064.092314980015,14.070170140132106,231.46,11.414250000000001,366.04825
2006-07-26 17:00:00,7,26,17,119,15723.0,"2892,110,280,105",380.72275,0.6142500000000001,-14.04,0.39,197.03,13652.66041691955,77.06024266674152,217.48,0.7222500000000001,381.15475000000004
2006-07-26 17:00:00,7,26,17,116,25786.0,"1940,1515,213,202",367.47925000000004,18.97425,-5.025,0.39,210.18,26588.810656388487,28.173958248986267,222.25,18.65025,367.07425
2006-07-26 17:00:00,7,26,17,114,9689.0,"1993,783,163,126",367.99225,9.726750000000001,-11.64,0.15,215.03,15477.547638669948,54.24960656907353,230.56,9.86175,368.39725
2006-07-26 17:00:00,7,26,17,115,8893.0,"1141,1028,155,113",356.53075,13.20975,-23.805,0.4499999999999999,195.38,36248.4153454216,64.44581901358329,214.24,13.54725,356.20675
2006-07-26 17:00:00,7,26,17,79,20704.0,"433,887,261,220",347.71525,10.56375,-21.465,-7.949999999999999,202.04,27372.92959193456,85.63924349503327,225.7,10.19925,348.02575
2006-07-26 17:00:00,7,26,17,76,978.0,"392,1397,45,48",345.63625,18.47475,-0.3,0.42,227.02,0.0,0.0,234.5,18.39375,345.43375000000003
2006-07-26 18:00:00,7,26,18,159,623,"369,1215,42,24",345.28525,16.23375,0.03,0.03,211.02,98.76217007227672,1.3417375434309642,228.95,16.28775,345.29875
2006-07-26 18:00:00,7,26,18,114,10648.0,"1973,777,221,93",367.91125,9.80775,-5.1450000000000005,4.0200000000000005,219.05,4572.622423939268,9.56473822501955,231.82,10.14525,367.93825000000004
2006-07-26 18:00:00,7,26,18,134,1969.0,"3150,42,115,42",383.39575,0.16875,0.0,0.03,201.69,1787.8673727345133,1.2969813219761166,219.69,0.02025,383.77375
2006-07-26 18:00:00,7,26,18,137,7806.0,"2357,532,230,78",373.44625,6.648750000000001,-31.5,-8.52,208.5,2908.0305485313093,31.93220636465576,225.45,6.51375,372.70375
2006-07-26 18:00:00,7,26,18,113,17610.0,"2945,543,354,202",382.30225,5.852250000000001,-18.285,-1.53,205.91,295.2591422970449,0.4878400761896015,224.08,4.866750000000001,384.54325
2006-07-26 18:00:00,7,26,18,139,2347.0,"2966,637,95,34",380.74975,8.40375,-9.675,-4.845,210.01,29.08986017726232,0.2424899368938802,224.91,8.44425,380.70925
2006-07-26 18:00:00,7,26,18,140,14666.0,"2878,789,215,125",380.54725,9.88875,-6.645,-0.855,200.34,17654.373391821035,27.551732505028827,213.79,9.80775,380.72275
2006-07-26 18:00:00,7,26,18,141,5829.0,"2419,843,109,115",373.32475,10.57725,-9.21,-5.8950000000000005,212.59,3961.205463522748,14.206061552854088,228.77,10.53675,373.60825
2006-07-26 18:00:00,7,26,18,115,16408.0,"1092,1046,204,129",356.16625,13.23675,-7.050000000000001,0.675,195.72,64513.6294234138,56.521274491608416,211.53,13.03425,356.00425
2006-07-26 18:00:00,7,26,18,108,5384.0,"1835,902,145,152",365.64325,11.21175,-25.155,2.34,219.77,3051.252116631565,30.75527213042876,232.41,10.88775,365.35975
2006-07-26 18:00:00,7,26,18,135,3937.0,"3047,203,89,66",381.77575,2.2882499999999997,-23.79,0.42,207.55,4201.541445339139,18.37569199394942,223.2,2.15325,381.95125
2006-07-26 18:00:00,7,26,18,142,9576.0,"746,972,124,149",350.84725000000003,12.03525,-9.945,-8.040000000000001,197.31,1960.239024838036,9.65455786402566,214.07,12.27825,351.46825
2006-07-26 18:00:00,7,26,18,120,11226.0,"2295,391,135,155",371.81275,4.27275,-24.405,-0.42,214.99,13667.755924731096,38.49735990977564,229.55,3.9757499999999997,371.75875
2006-07-26 18:00:00,7,26,18,143,1050.0,"377,969,85,31",345.74425,12.87225,-19.47,-11.97,223.0,1.382588529099535e-08,0.0,232.7,12.80475,346.02775
2006-07-26 18:00:00,7,26,18,153,3204.0,"1316,1090,87,60",358.28575,14.37075,0.4349999999999999,1.14,201.53,13572.933690556065,49.86929276151292,218.49,14.33025,358.17775
2006-07-26 18:00:00,7,26,18,154,1015.0,"1091,1116,47,34",355.01875,14.84325,-24.57,-0.015,214.25,2.07783662664828,5.95650000580867e-06,227.62,14.883750000000001,355.01875
2006-07-26 18:00:00,7,26,18,152,3957.0,"1356,1015,91,61",358.87975,13.25025,-4.365,-0.915,203.08,11456.24609858894,25.76683867930464,217.9,13.34475,358.74475
2006-07-26 18:00:00,7,26,18,79,18836.0,"398,854,274,184",347.22925000000004,10.30725,-25.425,-9.09,199.19,47916.062544625565,56.4762740277062,221.97,10.28025,347.33725
2006-07-26 18:00:00,7,26,18,151,5614.0,"251,950,101,84",344.09725000000003,12.25125,-11.97,3.66,195.25,14957.39590327655,97.5371345285522,210.2,12.15675,344.21875
2006-07-26 18:00:00,7,26,18,155,4914.0,"964,1353,102,69",353.69575000000003,17.82675,-4.050000000000001,-0.93,206.2,2134.634123646581,15.695697233277835,218.27,17.62425,353.53375
2006-07-26 18:00:00,7,26,18,150,2624.0,"587,942,83,79",348.45775000000003,12.21075,-17.490000000000002,-9.3,221.82,0.0001060551923129,1.503188691861342e-07,233.7,12.00825,348.48475
2006-07-26 18:00:00,7,26,18,149,9679.0,"2649,729,269,76",377.37475,9.36225,-9.105,-3.06,201.25,15235.660700350536,46.44451366186263,225.14,9.53775,377.29375
2006-07-26 18:00:00,7,26,18,148,4717.0,"2344,450,153,57",372.59575,5.71725,-25.215,-7.305,209.82,4012.988602233145,28.98099279277121,224.84,5.74425,372.79825
2006-07-26 18:00:00,7,26,18,147,2964.0,"2431,372,125,46",373.75675,4.70475,-6.375,-3.495,210.16,125.17142646540736,0.6543214511899854,227.46,4.92075,374.17525
2006-07-26 18:00:00,7,26,18,100,1328.0,"699,727,42,42",349.72675000000004,9.53775,-25.83,-12.0,225.02,0.0001660573856687,3.1083890329556376e-06,232.81,9.51075,349.68625000000003
2006-07-26 18:00:00,7,26,18,156,2773,"3102,124,81,55",382.41025,1.28925,1.38,0.09,207.82,4634.104065567312,54.96287495750455,221.71,1.30275,382.28875
2006-07-26 18:00:00,7,26,18,157,1399,"3263,382,36,44",384.32725,4.85325,-36.285,0.0,205.67,204.86257244028675,3.4026524388479675e-08,220.78,4.866750000000001,384.54325
2006-07-26 18:00:00,7,26,18,146,1863.0,"2644,54,72,46",376.11925,0.43875,-0.015,7.290000000000001,213.81,4436.262695760106,11.03026371047284,230.54,0.62775,376.55125
2006-07-26 18:00:00,7,26,18,145,5342.0,"2055,1136,101,80",368.41075,14.73525,-18.69,0.81,210.07,1.4908836528885985,0.023039873972104,224.33,14.66775,367.97875
2006-07-26 18:00:00,7,26,18,103,77076.0,"7,737,499,285",343.47625,7.9582500000000005,-2.34,0.585,198.77,178884.93423036073,70.93259785218315,224.59,8.39025,344.04325
2006-07-26 18:00:00,7,26,18,132,16619.0,"871,1299,140,179",352.68325,16.32825,-5.5200000000000005,-3.03,205.52,2166.284125943042,6.914039286381496,218.14,16.81425,352.96675
2006-07-26 18:00:00,7,26,18,158,1077,"1447,1216,46,29",359.85175000000004,16.22025,-20.13,-2.04,220.71,115.71648531705618,0.4612887296065763,229.25,16.16625,359.74375000000003
2006-07-26 18:00:00,7,26,18,160,1095,"1434,1265,46,36",359.64925,16.81425,-19.8,-2.505,221.06,1517.868461333053,14.846799057236154,230.37,16.82775,359.59525
2006-07-26 18:00:00,7,26,18,138,8255.0,"2972,598,249,67",381.77575,7.62075,-8.19,-0.09,207.62,363.51480297873024,2.694643183886253,224.55,7.49925,382.43725
2006-07-26 18:00:00,7,26,18,131,4568.0,"546,1147,110,85",348.14725,14.85675,-15.165,-0.3,218.46,7.868616633839824e-05,4.802529408966882e-06,231.77,15.04575,348.10675000000003
2006-07-26 18:00:00,7,26,18,129,5598.0,"339,1154,132,112",345.81175,14.789250000000001,-9.735,2.295,218.11,3.483399776111118e-07,9.231732340070515e-10,229.26,14.65425,345.87925
2006-07-26 18:00:00,7,26,18,116,31727.0,"1914,1499,223,203",367.27675,18.90675,-1.815,-0.21,214.22,21011.74782834686,27.758780418007373,227.44,18.16425,367.51975
2006-07-26 18:00:00,7,26,18,161,557,"1298,1262,38,27",357.79975,16.85475,-7.62,-3.57,219.44,3.64391377606983e-06,9.058055174673634e-09,227.47,16.84125,357.84025
2006-07-26 18:00:00,7,26,18,124,2024.0,"3081,665,105,28",382.26175,8.78175,-4.995,1.395,221.65,1.229298388880396e-09,0.0,231.3,8.88975,382.00525
2006-07-26 18:00:00,7,26,18,126,3583.0,"853,788,89,68",352.15675,10.17225,-25.785000000000004,-8.850000000000001,206.94,2322.8299952869484,10.071297111266292,227.79,10.36125,352.26475
2006-07-26 18:00:00,7,26,18,130,2577.0,"703,1077,81,108",350.02375,13.74975,-12.45,-6.66,219.94,4.65602378977764,0.0,233.49,13.35825,350.19925
2006-07-26 18:00:00,7,26,18,123,2805.0,"2848,486,101,40",379.04875000000004,6.32475,-39.855,-0.045,219.42,0.1091859602935151,0.0001175712478408,229.37,6.43275,379.45375
2006-07-26 18:00:00,7,26,18,118,11447.0,"3127,964,137,109",383.16625,12.27825,-9.375,-1.215,200.39,16388.66718806509,24.238142671662203,215.69,12.21075,383.34175
2006-07-26 18:00:00,7,26,18,119,21001.0,"2760,142,328,133",379.98025,0.7897500000000001,-3.0,2.445,196.83,22114.33747962772,42.18988195674879,216.2,0.77625,380.87125000000003
2006-07-26 18:00:00,7,26,18,125,3901.0,"2177,750,101,67",370.19275,9.69975,-5.88,-4.17,220.26,77.85931758832332,0.2627625742531756,230.3,9.83475,370.04425000000003
2006-07-26 19:00:00,7,26,19,140,36347.0,"2602,795,487,155",378.94075,9.59175,-1.065,-0.8400000000000001,198.79,41769.99668927678,58.62068477872147,217.44,9.14625,379.65625
2006-07-26 19:00:00,7,26,19,153,5430.0,"1287,1111,104,82",358.06975,14.45175,-7.89,2.43,202.64,18858.35602806912,37.04302287504454,216.33,14.69475,358.24525
2006-07-26 19:00:00,7,26,19,108,3200.0,"1816,863,91,118",365.10325,10.92825,-19.5,5.88,216.39,83.44029821333517,1.6353022610183583,229.7,10.98225,365.26525000000004
2006-07-26 19:00:00,7,26,19,147,2439.0,"2455,373,72,49",373.56775,4.74525,-25.35,-1.53,216.35,10.963031811398212,0.0252275946838121,229.2,4.90725,373.62175
2006-07-26 19:00:00,7,26,19,123,954.0,"2819,472,73,25",378.49525,6.18975,-13.26,-12.66,233.24,0.0,0.0,237.4,6.31125,378.91375
2006-07-26 19:00:00,7,26,19,116,34099.0,"1890,1497,258,231",367.23625,18.63675,-0.945,-0.015,203.66,29868.835320469323,39.62619286370773,230.72,17.62425,367.37125000000003
2006-07-26 19:00:00,7,26,19,161,1824.0,"1249,1281,77,48",357.38125,16.97625,-18.225,6.765,212.23,262.419281242984,0.6981817293450009,229.05,16.94925,357.03025
2006-07-26 19:00:00,7,26,19,158,2153.0,"1423,1225,58,55",359.55475,16.20675,-13.71,4.14,212.17,156.66049744580542,0.2094593569761092,226.3,15.92325,359.50075000000004
2006-07-26 19:00:00,7,26,19,142,18267.0,"724,1015,177,219",350.83375,11.98125,-19.71,-3.78,197.61,9473.024139079382,27.93894853043912,219.39,12.31875,350.92825
2006-07-26 19:00:00,7,26,19,126,1843.0,"845,777,66,45",351.83275000000003,10.19925,-26.145,-1.4249999999999998,218.47,192.80978589958008,0.6669890905757129,231.28,10.34775,351.69775
2006-07-26 19:00:00,7,26,19,160,1512.0,"1415,1277,47,45",359.40625,16.90875,-19.395,6.555,219.96,1286.4027337370733,9.04106240526516,228.31,17.16525,359.39275000000004
2006-07-26 19:00:00,7,26,19,146,5083.0,"2535,80,176,80",375.78175,0.46575,-3.615,-0.0,204.44,9366.050146394762,23.192208833399107,224.65,0.6817500000000001,376.24075
2006-07-26 19:00:00,7,26,19,118,15849.0,"3087,963,165,129",382.86925,12.18375,-3.015,-1.41,201.58,7568.643658174716,21.415200717945915,218.48,12.17025,382.92325
2006-07-26 19:00:00,7,26,19,143,842.0,"367,961,78,25",345.56875,12.79125,-10.14,1.545,224.07,9.145547386195295e-10,0.0,232.64,12.68325,345.85225
2006-07-26 19:00:00,7,26,19,100,494.0,"686,716,34,37",349.42975,9.37575,-21.75,-6.18,233.59,0.0,0.0,238.57,9.34875,349.38925
2006-07-26 19:00:00,7,26,19,103,71324.0,"3,743,436,303",343.15225000000004,7.93125,-3.3600000000000003,-2.67,202.36,156443.97539542033,95.73229821075914,225.2,8.417250000000001,343.69225
2006-07-26 19:00:00,7,26,19,125,2344.0,"2165,737,79,52",369.86875000000003,9.55125,-29.46,-11.025,230.28,24.7732401100542,0.1394495813387087,236.22,9.52425,369.70675
2006-07-26 19:00:00,7,26,19,141,6303.0,"2396,846,116,120",373.18975,10.60425,-4.035,-6.074999999999999,213.47,428.0337204184257,5.1573640667203735,228.92,10.30725,373.24375000000003
2006-07-26 19:00:00,7,26,19,150,1205.0,"573,916,51,51",348.12025,12.00825,-11.025,-4.17,226.92,0.0,0.0,236.33,11.90025,348.21475000000004
2006-07-26 19:00:00,7,26,19,157,3002.0,"3228,384,71,50",384.11125000000004,4.83975,-25.11,0.375,207.1,12.254317728585576,1.7608476323697582e-08,219.97,4.88025,384.16525
2006-07-26 19:00:00,7,26,19,129,4976.0,"339,1153,115,99",345.51475,14.789250000000001,-23.76,5.925000000000001,220.09,1.6805775774649128e-06,5.693497900254851e-07,230.45,15.11325,345.71725000000004
2006-07-26 19:00:00,7,26,19,115,23789.0,"1063,1062,234,158",355.89625,13.27725,-7.11,1.6949999999999998,194.76,97082.01320322594,87.86958828762972,211.33,13.62825,355.41025
2006-07-26 19:00:00,7,26,19,120,30247.0,"2245,548,325,327",372.10975,5.312250000000001,-28.185,-5.385,205.99,27056.617722523497,40.72114944625246,228.07,5.69025,372.48775
2006-07-26 19:00:00,7,26,19,132,28564.0,"806,1370,261,246",352.72375,16.66575,-2.685,-4.08,206.17,4585.829058386425,18.299027230168257,222.9,16.16625,351.11725
2006-07-26 19:00:00,7,26,19,131,2454.0,"535,1143,92,61",347.89075,14.96475,-18.51,-2.265,220.21,0.0,0.0,230.52,15.09975,347.93125000000003
2006-07-26 19:00:00,7,26,19,152,5310.0,"1336,1020,93,78",358.67725,13.25025,-8.19,-0.735,206.51,9663.23129485519,37.79961735313507,221.31,13.23675,358.58275000000003
2006-07-26 19:00:00,7,26,19,162,2660,"410,669,59,68",345.94675,8.59275,-17.16,-4.425000000000001,210.46,7588.335433016023,38.60807914106872,226.03,8.87625,346.04125
2006-07-26 19:00:00,7,26,19,134,3076.0,"3120,52,135,52",383.13925,0.23625000000000002,-0.0,0.0,203.81,4432.147731931981,7.1012758258392505,217.7,0.00675,383.58475
2006-07-26 19:00:00,7,26,19,145,7025.0,"2026,1162,107,109",368.03275,14.85675,-23.235,-0.06,206.4,0.1914095795615196,8.874022194768938e-06,228.53,15.47775,367.64125
2006-07-26 19:00:00,7,26,19,159,2493.0,"326,1228,79,47",344.93425,16.26075,-23.625,1.5,207.33,21.64344842934549,0.8053791596390425,219.8,16.26075,345.00175
2006-07-26 19:00:00,7,26,19,79,17774.0,"365,829,246,146",346.64875,10.21275,-8.49,-5.07,197.26,56700.76708227318,62.10173573183378,215.07,10.32075,347.02675
2006-07-26 19:00:00,7,26,19,154,2424.0,"1057,1116,66,75",354.69475,14.65425,-13.95,-0.27,200.77,1024.3933546830708,3.521137989157258,220.95,14.64075,354.70825
2006-07-26 19:00:00,7,26,19,113,27359.0,"2905,628,394,292",381.62725,6.50025,-20.97,-3.825,210.87,56.66257687034593,0.3886630179990624,227.38,4.88025,384.16525
2006-07-26 19:00:00,7,26,19,114,7878.0,"1983,781,201,92",367.80325,9.87525,-21.975,-1.11,214.23,386.56472176331647,8.91245303989699,234.8,10.38825,367.81675
2006-07-26 19:00:00,7,26,19,151,10896.0,"211,990,134,139",343.80025,12.31875,-10.92,0.135,194.24,16164.00217091904,55.76944424681801,210.06,12.26475,344.04325
2006-07-26 19:00:00,7,26,19,119,31085.0,"2779,193,401,185",380.52025000000003,1.16775,-2.61,6.87,197.68,42086.947607365575,54.966727875722434,214.96,1.23525,380.95225
2006-07-26 20:00:00,7,26,20,163,2840,"2741,118,65,99",377.45575,1.03275,1.605,3.84,216.55,688.9391579914434,1.9000960650627776,232.88,0.64125,377.36125000000004
2006-07-26 20:00:00,7,26,20,150,802.0,"568,879,52,46",347.99875000000003,11.508750000000001,-16.275,-28.65,228.32,5.7360258026722144e-08,0.0,236.02,11.49525,347.94475
2006-07-26 20:00:00,7,26,20,120,32559.0,"2208,549,378,300",372.05575,5.55525,-15.794999999999998,1.845,209.47,33941.6417441935,58.791987760030345,228.73,5.87925,372.24475
2006-07-26 20:00:00,7,26,20,161,2641.0,"1217,1285,81,51",357.01675,16.98975,-20.64,1.185,214.68,600.5941817630766,13.060155530347435,225.11,16.88175,357.04375
2006-07-26 20:00:00,7,26,20,152,5474.0,"1324,1020,91,84",358.48825,13.23675,-8.94,0.33,212.81,2416.4883033592578,9.170281898709415,225.75,13.25025,358.36675
2006-07-26 20:00:00,7,26,20,79,23239.0,"335,835,269,165",346.35175000000004,10.15875,-8.49,-3.03,196.74,60185.935018305456,84.14466266284151,215.28,10.19925,346.67575
2006-07-26 20:00:00,7,26,20,147,964.0,"2430,363,53,36",373.12225,4.69125,-33.57,0.645,229.43,0.925321240729182,0.0238961294957434,236.77,4.7722500000000005,373.05475
2006-07-26 20:00:00,7,26,20,119,35312.0,"2816,193,347,186",380.37175,1.26225,-7.23,0.06,198.71,57461.4874931708,49.2157513806007,213.05,1.91025,380.95225
2006-07-26 20:00:00,7,26,20,162,3041.0,"393,671,60,69",345.75775,8.64675,-13.74,0.8250000000000001,213.93,8386.598338807225,58.93379023509058,225.06,8.91675,345.64975
2006-07-26 20:00:00,7,26,20,146,8027.0,"2501,98,195,98",375.59275,0.64125,-0.36,10.215,207.97,4103.849217570666,10.419218185445576,220.77,1.05975,375.94375
2006-07-26 20:00:00,7,26,20,118,19059.0,"3049,968,185,142",382.58575,12.11625,-5.07,-0.36,204.77,6808.422223065435,22.866568939166704,221.56,12.26475,382.30225
2006-07-26 20:00:00,7,26,20,151,15606.0,"191,993,152,147",343.58425,12.31875,-7.515,1.395,196.32,17789.59011641833,59.97603900758308,210.76,12.44025,343.70575
2006-07-26 20:00:00,7,26,20,115,40430.0,"1021,1130,269,268",355.36975,13.385250000000001,-4.665,0.5249999999999999,194.87,110096.0149351978,69.95363891300515,213.04,12.87225,354.93775
2006-07-26 20:00:00,7,26,20,153,7985.0,"1256,1125,124,96",357.82675,14.50575,-8.655,1.32,205.24,11497.800401319992,21.61304110447427,217.23,14.51925,357.51625
2006-07-26 20:00:00,7,26,20,145,7232.0,"1986,1184,114,125",367.49275,15.12675,-14.73,0.4499999999999999,205.91,640.6556265112123,2.808953268760994,226.62,15.774750000000001,367.16875
2006-07-26 20:00:00,7,26,20,160,2616.0,"1392,1339,69,104",359.25775,17.20575,-7.845000000000001,-8.850000000000001,223.56,85.69947283193372,1.3282171288517115,232.76,17.70525,359.01475
2006-07-26 20:00:00,7,26,20,134,4342.0,"3068,48,173,48",382.85575,0.24975,-8.115,2.22,203.65,2153.9672973790216,5.5066975781962535,216.46,0.27675,382.70725
2006-07-26 20:00:00,7,26,20,113,12838.0,"2869,519,414,183",381.31675,5.63625,-13.485,-1.035,215.78,1.073975141865736,0.0,228.96,4.90725,383.53075
2006-07-26 20:00:00,7,26,20,129,4266.0,"360,1137,82,82",345.43375000000003,14.84325,-15.015,0.75,221.34,8.086313593439605e-06,0.0,232.29,15.19425,345.75775
2006-07-26 20:00:00,7,26,20,157,3620.0,"3177,375,122,44",383.74675,4.7722500000000005,-16.755,-2.205,213.66,0.0,0.0,225.63,4.90725,383.53075
2006-07-26 20:00:00,7,26,20,116,24116.0,"1838,1458,255,195",366.85825,18.40725,-4.32,-0.735,204.46,25154.40304947837,30.16475952194036,228.48,17.62425,367.16875
2006-07-26 20:00:00,7,26,20,140,42159.0,"2561,787,513,161",378.61675,9.48375,-1.98,0.12,199.03,33750.047247281705,39.323972111438735,218.44,9.24075,379.53475000000003
2006-07-26 20:00:00,7,26,20,166,1940,"1050,1252,56,48",354.57325000000003,16.58475,-13.755,11.82,206.92,77.73080044310942,0.276492609994805,218.06,16.63875,354.38425
2006-07-26 20:00:00,7,26,20,114,2553.0,"1978,787,88,59",367.35775,10.25325,-7.274999999999999,-0.24,224.37,7.359575152537386,0.038151534958225,232.61,10.48275,367.65475000000004
2006-07-26 20:00:00,7,26,20,158,2980.0,"1410,1231,66,68",359.39275000000004,16.19325,-5.46,1.785,221.55,3.2607669407461946,0.0401168725194626,229.28,16.12575,359.46025000000003
2006-07-26 20:00:00,7,26,20,159,4119.0,"308,1238,94,60",344.78575,16.31475,-9.63,1.6800000000000002,208.55,3.356417644210452,0.0022304289409524,223.76,16.50375,344.85325
2006-07-26 20:00:00,7,26,20,141,2672.0,"2399,776,73,57",372.87925,10.15875,-23.085,-9.0,223.72,4.477121213461293e-08,0.0,232.83,10.28025,372.73075
2006-07-26 20:00:00,7,26,20,164,4905,"3018,584,125,57",381.58675,7.48575,-7.41,-0.39,219.09,5.37448785143385,0.1473091418636916,230.26,7.53975,381.42475
2006-07-26 20:00:00,7,26,20,126,1561.0,"779,771,72,74",351.03625,9.98325,-42.54,-8.19,221.73,3330.040471729809,19.56266096214793,233.97,9.64575,350.71225000000004
2006-07-26 20:00:00,7,26,20,142,21738.0,"689,987,245,197",350.75275,11.792250000000001,-23.34,-6.42,199.87,5745.0536520179785,9.597927873390404,221.94,12.34575,351.68425
2006-07-26 20:00:00,7,26,20,132,27341.0,"788,1376,268,277",352.50775,16.55775,-4.0200000000000005,-2.13,209.13,1496.6014413284602,6.165072212612834,228.44,14.84325,354.23575
2006-07-26 20:00:00,7,26,20,131,1670.0,"523,1138,76,55",347.63425,14.91075,-15.044999999999998,-1.845,221.08,6.378735935817062e-09,0.0,231.44,15.18075,347.82325000000003
2006-07-26 20:00:00,7,26,20,103,73859.0,"0,761,423,328",342.92275,7.9582500000000005,-2.295,-0.315,203.8,151558.21052978246,115.06410537388705,226.95,8.61975,343.80025
2006-07-26 20:00:00,7,26,20,108,4332.0,"1791,891,126,154",364.99525,11.10375,-23.625,-0.105,222.23,96.60145952153596,0.1492319636364375,232.36,10.75275,364.87375000000003
2006-07-26 20:00:00,7,26,20,165,2895,"2390,864,71,68",372.73075,11.19825,-18.84,-9.12,219.96,0.0383220793069288,1.6925154412997056e-05,231.01,11.603250000000001,372.54175
2006-07-26 21:00:00,7,26,21,159,4130.0,"290,1240,84,69",344.52925,16.27425,-20.235,-0.4499999999999999,216.82,0.3910406355644653,3.3460956135170163e-06,228.04,16.62525,344.74525
2006-07-26 21:00:00,7,26,21,161,3495.0,"1198,1293,86,68",356.74675,17.00325,-15.3,3.33,216.61,622.3851585804613,6.927636407434372,228.36,16.80075,356.54425000000003
2006-07-26 21:00:00,7,26,21,166,3236.0,"1033,1270,68,69",354.45175,16.63875,-4.29,-6.42,211.63,0.5510945534057428,0.049101741559983,221.76,16.89525,354.37075
2006-07-26 21:00:00,7,26,21,165,2013.0,"2379,854,57,60",372.44725,11.10375,-24.3,-11.775,223.58,1.050612247070467e-07,0.0,236.78,11.42775,372.42025
2006-07-26 21:00:00,7,26,21,169,2374,"0,670,65,81",340.26325,8.43075,-2.295,0.045,210.75,4775.206332207292,21.0295558880647,226.88,8.43075,340.24975
2006-07-26 21:00:00,7,26,21,168,2638,"2420,547,134,29",373.58125,7.20225,-2.76,2.58,218.51,8.031619909567297,0.0344588909129074,230.3,7.17525,372.93325
2006-07-26 21:00:00,7,26,21,173,3987,"951,1340,82,95",353.46625,17.36775,-1.605,-15.585,220.87,1.2030252365483523e-08,0.0,233.27,17.04375,353.77675
2006-07-26 21:00:00,7,26,21,172,712,"1328,1245,32,30",358.16425000000004,16.58475,-9.63,0.045,210.68,1028.626008538887,3.6599494988483214,225.88,16.51725,358.25875
2006-07-26 21:00:00,7,26,21,158,2178.0,"1395,1234,63,71",359.23075,16.15275,-6.015,0.405,226.31,2.061711423503233e-08,0.0,236.26,15.95025,358.96075
2006-07-26 21:00:00,7,26,21,164,2071.0,"3002,571,71,47",380.99275,7.350750000000001,-27.06,-7.995,227.29,0.0,0.0,234.03,7.29675,380.97925
2006-07-26 21:00:00,7,26,21,163,1438.0,"2721,84,43,65",377.03725000000003,0.70875,-49.455,0.8699999999999999,215.21,3514.774989737848,12.731981031495485,232.68,0.70875,376.92925
2006-07-26 21:00:00,7,26,21,170,1763,"2676,647,76,37",376.63225,8.45775,-1.095,-2.91,212.59,9881.267429396545,38.84825465679225,229.79,8.39025,376.61875000000003
2006-07-26 21:00:00,7,26,21,171,3843,"776,1198,77,66",351.02275000000003,15.72075,-3.495,-12.84,211.24,25.04584051995917,0.0590277308882717,223.65,15.72075,350.94175
2006-07-26 21:00:00,7,26,21,167,1847,"3182,256,117,29",384.03025,3.2602499999999996,-16.905,-0.855,209.46,99.66799213476176,9.988105871450076e-07,221.45,3.31425,384.24625000000003
2006-07-26 21:00:00,7,26,21,157,3002.0,"3151,370,106,38",383.27425,4.74525,-16.32,-1.08,223.06,0.0,0.0,231.04,4.73175,383.17975
2006-07-26 21:00:00,7,26,21,114,3296.0,"1983,831,131,93",367.66825,10.64475,-14.805,1.98,223.94,386.3319934662797,3.6178128668938334,235.3,10.83375,368.07325000000003
2006-07-26 21:00:00,7,26,21,152,3612.0,"1312,1013,85,77",358.20475,13.16925,-12.135,-1.23,215.14,351.2436893034153,2.769413349969356,231.82,13.37175,358.16425000000004
2006-07-26 21:00:00,7,26,21,118,20047.0,"3037,976,185,152",382.39675,12.14325,-2.79,0.645,207.51,3729.765283497538,18.53322970696321,225.57,11.67075,382.18075
2006-07-26 21:00:00,7,26,21,119,40662.0,"2795,202,350,202",380.06125000000003,1.34325,-4.59,0.09,196.38,68871.38762370344,53.6688365624068,213.59,2.1127499999999997,380.93875
2006-07-26 21:00:00,7,26,21,120,27497.0,"2190,518,328,256",371.50225,5.35275,-10.365,5.8950000000000005,205.54,27683.914758181083,66.31142181899301,227.08,4.866750000000001,371.24575
2006-07-26 21:00:00,7,26,21,126,1880.0,"762,774,55,88",350.65825,9.94275,-28.995,1.65,210.47,8803.801552958574,29.41285257946968,230.53,10.36125,350.84725000000003
2006-07-26 21:00:00,7,26,21,129,2933.0,"343,1143,84,83",345.25825000000003,14.978250000000001,-16.799999999999997,0.675,223.49,3.81534151007548e-09,0.0,234.81,15.23475,345.52825
2006-07-26 21:00:00,7,26,21,131,1258.0,"525,1130,51,49",347.45875,14.87025,-17.04,-3.705,224.43,0.0,0.0,233.08,14.92425,347.39125
2006-07-26 21:00:00,7,26,21,113,8315.0,"2839,512,410,182",381.35725,5.81175,-9.84,3.1049999999999995,218.77,1.777590670917313e-08,0.0,231.5,5.96025,381.82975
2006-07-26 21:00:00,7,26,21,132,4622.0,"911,1253,70,139",352.88575000000003,16.15275,-3.705,-8.58,218.05,5.7679762885194383e-08,1.2179321563031915e-10,231.61,15.82875,353.12875
2006-07-26 21:00:00,7,26,21,116,15890.0,"1925,1403,148,150",367.00675,17.82675,4.199999999999999,-2.49,210.78,8481.589291496932,11.126172053432086,223.63,18.01575,367.02025000000003
2006-07-26 21:00:00,7,26,21,134,4720.0,"3067,51,159,51",382.62625,0.26325,-7.17,0.585,205.18,2170.603775568281,14.301116792523835,217.78,0.00675,382.81525
2006-07-26 21:00:00,7,26,21,140,50146.0,"2526,785,587,173",378.31975,9.36225,-2.76,-2.085,200.21,32941.121369763394,43.88522856133525,221.15,9.29475,379.10275
2006-07-26 21:00:00,7,26,21,108,2153.0,"1765,846,95,114",364.40125,10.65825,-19.89,-1.11,224.36,0.5162095075015005,0.0019058270394089,233.85,10.57725,364.46875
2006-07-26 21:00:00,7,26,21,141,1072.0,"2377,759,59,34",372.43375000000003,10.010250000000001,-25.695,-9.66,233.66,0.0,0.0,237.74,9.88875,372.43375000000003
2006-07-26 21:00:00,7,26,21,79,31406.0,"301,856,281,192",345.96025000000003,10.23975,-9.15,-0.945,199.29,61767.4788972823,92.31161148146896,217.6,10.29375,346.39225
2006-07-26 21:00:00,7,26,21,151,20052.0,"166,978,218,131",343.50325000000004,12.33225,-2.31,0.6900000000000001,197.18,17233.220015279334,49.16033335477421,212.07,12.33225,343.34125
2006-07-26 21:00:00,7,26,21,150,785.0,"549,871,58,43",347.76925,11.508750000000001,-28.5,-2.445,222.7,0.0,0.0,233.23,11.57625,347.70175
2006-07-26 21:00:00,7,26,21,146,8887.0,"2542,102,129,102",375.29575,0.7222500000000001,-11.46,0.315,213.04,3174.3135642982274,20.32550632563245,223.41,1.03275,375.37675
2006-07-26 21:00:00,7,26,21,145,7848.0,"1950,1200,96,118",366.97975,15.47775,-14.685,1.395,206.65,361.2291790168657,1.0949426999274607,222.49,16.04475,367.06075
2006-07-26 21:00:00,7,26,21,115,62330.0,"986,1176,392,325",355.58575,13.60125,-2.235,-0.495,195.15,136228.1920654691,58.71549672303178,214.69,12.96675,354.87025
2006-07-26 21:00:00,7,26,21,103,74151.0,"8,773,439,350",342.93625000000003,8.05275,-4.9350000000000005,0.495,204.45,146864.54162251414,71.53250553818228,227.82,10.37475,346.04125
2006-07-26 21:00:00,7,26,21,142,17440.0,"700,939,265,150",351.17125,11.77875,-16.575000000000003,-0.135,200.67,9548.953741209758,73.8201876141939,223.97,12.44025,352.08925
2006-07-26 22:00:00,7,26,22,79,39940.0,"272,864,284,259",345.56875,10.104750000000001,-2.88,-3.78,199.09,67948.73443750624,86.95873428713257,219.65,10.33425,345.90625
2006-07-26 22:00:00,7,26,22,167,2607.0,"3172,256,121,41",383.81425,3.21975,-3.18,-2.07,215.85,26.33829106744,5.428348369661207e-06,229.54,3.2467499999999996,383.69275
2006-07-26 22:00:00,7,26,22,171,3379.0,"769,1184,71,64",350.88775,15.55875,-13.485,-5.19,217.65,1.939224410571769e-05,1.8485992495884297e-08,227.87,15.72075,350.67175000000003
2006-07-26 22:00:00,7,26,22,170,3619.0,"2636,662,85,63",376.21375,8.511750000000001,0.24,-0.72,199.68,11006.78325179267,43.055215764408025,216.66,8.56575,376.49725
2006-07-26 22:00:00,7,26,22,113,4686.0,"2936,502,274,123",381.60025,5.97375,-11.07,-1.98,218.83,0.0,0.0,233.59,5.81175,381.27625
2006-07-26 22:00:00,7,26,22,166,3377.0,"1019,1281,79,78",354.34375,16.71975,-3.465,2.235,215.0,6.925400981267685e-06,2.62629727691497e-08,229.91,17.03025,354.38425
2006-07-26 22:00:00,7,26,22,173,1822.0,"963,1303,64,64",353.53375,17.08425,-1.23,-9.03,219.08,0.0,0.0,233.18,16.96275,353.74975
2006-07-26 22:00:00,7,26,22,103,66022.0,"0,787,393,354",342.58525000000003,7.91775,-1.785,-0.5249999999999999,202.92,135496.57698536568,107.72012517563832,227.73,8.98425,343.35475
2006-07-26 22:00:00,7,26,22,114,999.0,"2031,816,77,36",367.88425,10.72575,-9.075,8.625,228.5,6.531765711479074,0.0073416985054253,236.64,10.67175,367.84375
2006-07-26 22:00:00,7,26,22,165,540.0,"2361,844,37,21",372.12325,11.26575,-39.09,31.635,233.16,3.604393416196569e-07,0.0,236.53,11.25225,372.13675
2006-07-26 22:00:00,7,26,22,168,741.0,"2458,534,57,20",373.56775,7.0672500000000005,-6.795,-11.865,229.94,0.2637590338583059,1.0579610396025234e-06,234.92,7.14825,373.39225
2006-07-26 22:00:00,7,26,22,172,3380.0,"1296,1263,79,60",358.02925,16.63875,-32.595,0.015,206.16,3888.389898673247,13.233181517993824,218.98,16.58475,357.90775
2006-07-26 22:00:00,7,26,22,119,47548.0,"2782,230,344,230",379.77775,1.45125,-4.89,0.345,197.97,61981.74717495213,60.03856877622434,213.53,1.07325,379.37275
2006-07-26 22:00:00,7,26,22,164,1156.0,"2970,551,62,32",380.46625,7.18875,-33.480000000000004,-6.074999999999999,232.73,3.067707435377786e-06,0.0,236.59,7.14825,380.58775
2006-07-26 22:00:00,7,26,22,151,24965.0,"129,991,241,151",343.28725000000003,12.35925,-2.43,0.045,199.82,16094.249851795768,33.89212117313623,213.91,12.48075,343.05775
2006-07-26 22:00:00,7,26,22,146,8363.0,"2522,92,119,84",374.86375,0.65475,-11.355,-1.125,220.29,2486.4145365173017,24.165757328162474,229.96,0.9247500000000001,374.52625
2006-07-26 22:00:00,7,26,22,145,8776.0,"1915,1214,105,121",366.56125000000003,15.61275,-16.5,-0.045,209.45,113.8119918875494,0.2759067180807876,224.42,16.16625,366.12925
2006-07-26 22:00:00,7,26,22,142,18431.0,"721,956,234,257",351.04975,11.48175,-16.65,-2.325,202.51,12010.86917877271,43.29022382604366,224.48,12.399750000000001,351.75175
2006-07-26 22:00:00,7,26,22,157,600.0,"3166,363,43,21",383.01775000000004,4.75875,-9.66,3.765,234.56,0.0,0.0,238.18,4.74525,382.93675
2006-07-26 22:00:00,7,26,22,140,52555.0,"2531,796,557,199",378.29275,9.308250000000001,-0.75,0.195,200.24,21543.68946446143,50.60573170324487,223.32,8.56575,376.49725
2006-07-26 22:00:00,7,26,22,134,4086.0,"3064,51,136,51",382.34275,0.26325,-8.58,0.51,211.12,1127.9715000867147,13.328296288141098,223.04,0.00675,382.49125000000004
2006-07-26 22:00:00,7,26,22,115,81981.0,"957,1293,429,443",355.32925,13.81725,-4.59,-0.21,194.46,159198.20434371824,100.67449464725163,216.73,13.72275,354.33025000000004
2006-07-26 22:00:00,7,26,22,132,1207.0,"940,1198,31,101",352.89925,15.59925,-9.12,-2.49,222.99,0.0,0.0,234.71,15.53175,352.91275
2006-07-26 22:00:00,7,26,22,131,698.0,"511,1122,49,38",347.22925000000004,14.883750000000001,-18.555,0.96,226.37,0.0,0.0,235.37,14.92425,347.20225
2006-07-26 22:00:00,7,26,22,129,855.0,"366,1118,48,49",345.28525,14.82975,-16.53,0.675,224.55,0.0,0.0,236.0,14.87025,345.09625
2006-07-26 22:00:00,7,26,22,120,14341.0,"2163,411,147,151",370.27375,4.610250000000001,-9.015,1.17,207.05,9075.83738463152,126.49062559002674,224.04,5.17725,370.84075
2006-07-26 22:00:00,7,26,22,152,1195.0,"1300,1003,47,36",357.88075000000003,13.31775,-2.52,0.315,218.76,201.23852376691332,4.289502911202113,231.14,13.31775,358.01575
2006-07-26 22:00:00,7,26,22,118,17737.0,"3026,959,187,142",382.15375,12.06225,-2.4000000000000004,-9.87,210.46,392.4870844823039,1.4797779751444209,229.83,11.508750000000001,381.76225
2006-07-26 22:00:00,7,26,22,163,1691.0,"2692,87,50,58",376.67275,0.80325,-41.01,-2.055,209.68,2354.5027361301045,16.48233163040026,228.64,0.9922500000000001,376.83475
2006-07-26 22:00:00,7,26,22,116,18717.0,"1890,1389,173,145",366.73675000000003,17.70525,-2.22,-0.09,221.57,1288.0501393849531,3.77266142649271,229.13,17.46225,366.70975
2006-07-26 22:00:00,7,26,22,159,3368.0,"286,1242,74,74",344.39425,16.24725,-7.050000000000001,-1.815,225.56,0.4907209850034293,0.0059238677459048,235.42,16.69275,344.50225
2006-07-26 22:00:00,7,26,22,174,11705,"2208,487,287,80",371.97475000000003,6.00075,-3.66,5.25,212.9,2112.3641744767874,23.460100751891524,227.53,6.37875,373.39225
