time,month,day,hour,storm_id,area,bounds,clon,clat,PS_u,PS_v,tmin,rain_vol,rain_max,tmean,tminlat,tminlon,-32_area,-32_tmean,-32_rain_max,minlat,maxlat,minlon,maxlon,rain_p99,rain_mean,tcw,psfc,q850,q925,ushear650_850,ushear650_925
2006-07-25 16:00:00,7,25,16,50,5573.25,"1045,1128,47,51",354.42475,14.89725,-32.88,1.44,199.92679605093787,7457.881599058862,5.924221704914539,205.6046172084172,14.64075,354.96475000000004,1554.0,220.05,32.44685620459385,14.11425,14.74875,354.54625,355.23475,5.219626218452574,0.5223540098434818,45.268595659894395,978.9357024679379,0.013393154633896691,0.014673042966395008,-10.005620216836734,-13.08350605867347
2006-07-25 17:00:00,7,25,17,50,5352.75,"977,1144,135,156",354.19525,14.51925,-22.200000000000003,0.735,200.82342058232436,13772.649335767192,9.906044648478147,209.46464510237246,14.51925,354.15475000000004,8921.0,216.29,31.33617011707664,14.41125,15.01875,353.34475000000003,354.43825000000004,9.70172020804053,1.303714218711294,46.14386775264461,978.636524438858,0.012997378462127276,0.014779898090934267,-12.836296237244898,-17.035315688775512
2006-07-25 17:00:00,7,25,17,13,7686.0,"1140,1228,742,539",361.56625,12.73725,-8.67,-1.545,203.97537389892645,232289.59914186056,15.45380361831558,213.7809203040211,15.39675,355.57225,148083.0,219.24,52.750986357464754,15.39675,16.11225,355.08625,356.39575,10.58727445060817,1.4287958701234018,45.852677638871164,979.376457403144,0.01257770305157316,0.013735435237841946,-11.844945790816327,-14.474091198979592
2006-07-25 17:00:00,7,25,17,13,8556.75,"1140,1228,742,539",361.56625,12.73725,-8.67,-1.545,206.3559574876543,232289.59914186056,14.606396665342759,216.29319677799165,15.39675,355.23475,148083.0,219.24,52.750986357464754,15.39675,16.09875,354.72175,356.11225,13.33124139640721,0.8222595907422149,46.11469596231612,979.1895229164434,0.012899915687739849,0.013732118475041827,-12.858697385204081,-15.791573660714286
2006-07-25 17:00:00,7,25,17,13,5877.0,"1140,1228,742,539",361.56625,12.73725,-8.67,-1.545,198.12073200415398,232289.59914186056,9.666264321599604,207.55523120450417,16.32825,349.32175,148083.0,219.24,52.750986357464754,15.88275,17.19225,349.30825,349.82125,9.562270119244994,0.7609564237891683,42.918355156639585,983.254059793122,0.012151413540146788,0.012334478905006331,-15.364397321428571,-16.268734056122447
2006-07-25 17:00:00,7,25,17,50,42772.5,"977,1144,135,156",354.19525,14.51925,-22.200000000000003,0.735,195.9778019091841,13772.649335767192,44.50021020120148,205.51783506236987,13.34475,354.84325,8921.0,216.29,31.33617011707664,13.196250000000001,15.01875,353.34475000000003,355.45075,23.58045174468065,1.3529518557734752,38.77645363606544,977.8145929313192,0.010667666659823485,0.01505327620068375,-8.529017857142858,-15.404735331632653
2006-07-25 17:00:00,7,25,17,50,24232.5,"977,1144,135,156",354.19525,14.51925,-22.200000000000003,0.735,194.42922706291236,13772.649335767192,44.80685905059008,203.8386017496912,13.37175,354.08725000000004,8921.0,216.29,31.33617011707664,13.196250000000001,15.01875,353.34475000000003,354.93775,31.65855739621813,1.9059973451513292,38.87248464708244,977.5654314305831,0.01021470089576074,0.015451195459736854,-7.495296556122449,-15.284956951530612
2006-07-25 17:00:00,7,25,17,50,20772.0,"977,1144,135,156",354.19525,14.51925,-22.200000000000003,0.735,194.75551270830135,13772.649335767192,49.552570240179314,206.83764018218554,13.43925,354.31675,8921.0,216.29,31.33617011707664,13.196250000000001,15.01875,353.34475000000003,354.96475000000004,31.851548757664073,2.2570604891468924,38.63033657516052,977.8370903042384,0.00989825862022687,0.015214219879435033,-7.196667729591836,-14.797712053571429
2006-07-25 17:00:00,7,25,17,13,5886.0,"1140,1228,742,539",361.56625,12.73725,-8.67,-1.545,204.45188314638455,232289.59914186056,20.404281204210253,213.65167382443764,15.45075,355.97725,148083.0,219.24,52.750986357464754,15.39675,16.03125,355.41025,356.50375,17.278042006213102,1.9373102272803346,44.682617132583104,978.7976754256656,0.011345007989023412,0.01364462328504543,-12.131696428571429,-16.053531568877553
2006-07-25 17:00:00,7,25,17,13,7823.25,"1140,1228,742,539",361.56625,12.73725,-8.67,-1.545,205.58575050022415,232289.59914186056,3.281564596215988,210.21722235793217,16.23375,349.82125,148083.0,219.24,52.750986357464754,15.92325,17.46225,349.30825,349.87525,2.5533953488283685,0.24293359600317893,43.33269784672288,986.4038098389761,0.011916026929203344,0.012177954712996677,-13.754902742346939,-14.450175382653061
2006-07-25 17:00:00,7,25,17,50,9702.0,"977,1144,135,156",354.19525,14.51925,-22.200000000000003,0.735,195.9155559313587,13772.649335767192,12.413150739192613,207.32894012758348,14.50575,355.08625,8921.0,216.29,31.33617011707664,13.96575,15.01875,354.34375,355.45075,9.690181534911376,0.7804360485636648,44.19363009378663,978.9422807580597,0.013082785835983803,0.014671437879454116,-9.211336096938776,-12.466517857142858
2006-07-25 17:00:00,7,25,17,50,47664.0,"977,1144,135,156",354.19525,14.51925,-22.200000000000003,0.735,196.65863484874285,13772.649335767192,35.93738017621823,211.58294874676145,13.45275,355.34275,8921.0,216.29,31.33617011707664,13.196250000000001,15.01875,353.34475000000003,355.45075,5.728681878669803,0.5780860468460829,39.90772636946274,977.1258592247477,0.010922482484305392,0.014848212255355047,-10.798947704081632,-17.064532844387756
2006-07-25 17:00:00,7,25,17,13,6558.75,"1140,1228,742,539",361.56625,12.73725,-8.67,-1.545,211.81707350913763,232289.59914186056,0.23413581012672902,217.26407520475524,16.57125,349.68625000000003,148083.0,219.24,52.750986357464754,15.95025,17.28675,349.30825,349.83475,0.1516941712039712,0.007871046349215306,40.266040713643235,979.3502087118187,0.011917480457650155,0.012153962912152007,-14.758410395408163,-15.622329400510203
2006-07-25 17:00:00,7,25,17,51,5069.25,"827,1285,73,44",351.65725000000003,17.04375,-10.935,1.335,204.32557565165385,653.3709666371772,0.0,213.153978027002,12.15675,357.35425000000004,2408.0,222.39,3.864509234571901,11.31975,12.15675,356.76025,357.35425000000004,0.0,0.0,42.31862224269748,978.7901182894805,0.013333111621287405,0.014974554050333646,-11.943877551020408,-15.201530612244898
2006-07-25 17:00:00,7,25,17,50,46872.0,"977,1144,135,156",354.19525,14.51925,-22.200000000000003,0.735,197.6003441410501,13772.649335767192,18.098778984263294,207.91249443496417,13.30425,354.68125000000003,8921.0,216.29,31.33617011707664,13.196250000000001,15.01875,353.34475000000003,355.45075,9.400180749934696,0.5572136823265409,38.57344476590464,977.6936081088319,0.010447852028419777,0.0151575468480587,-7.8071189413265305,-15.06397480867347
2006-07-25 18:00:00,7,25,18,13,6558.75,"1081,1229,787,540",360.76975,12.93975,-3.33,-2.175,211.81707350913763,239433.7108885372,0.25052170302373133,217.26407520475527,16.57125,349.68625000000003,174199.0,219.63,98.30057248176,15.95025,17.28675,349.30825,349.83475,0.1359207349810969,0.008213770598965942,40.266040713643235,979.3502087118187,0.011917480457650155,0.012153962912152007,-14.758410395408163,-15.622329400510203
2006-07-25 18:00:00,7,25,18,50,32694.75,"943,1158,166,193",353.93875,14.35725,-26.34,1.305,194.42922706291236,25389.13476521483,39.67635914219267,205.30768839143315,13.37175,354.08725000000004,16164.0,213.76,46.35592720990843,12.80475,14.978250000000001,353.03425,354.93775,29.181236093592975,1.6148390258110925,38.87248464708244,977.5654314305831,0.01021470089576074,0.015451195459736854,-7.495296556122449,-15.284956951530612
2006-07-25 18:00:00,7,25,18,50,11540.25,"943,1158,166,193",353.93875,14.35725,-26.34,1.305,195.9155559313587,25389.13476521483,10.93616018491545,206.85188174647644,14.50575,355.08625,16164.0,213.76,46.35592720990843,13.95225,14.978250000000001,354.34375,355.63975,7.1240111268747,0.695557394002073,44.19363009378663,978.9422807580597,0.013082785835983803,0.014671437879454116,-9.211336096938776,-12.466517857142858
2006-07-25 18:00:00,7,25,18,13,6741.0,"1081,1229,787,540",360.76975,12.93975,-3.33,-2.175,197.95105741933722,239433.7108885372,2.7686617498989916,213.93477504823608,14.60025,353.16925000000003,174199.0,219.63,98.30057248176,14.60025,15.23475,352.53475000000003,353.68225,2.6940138746545452,0.13252865100509795,47.45844941249728,977.8532000333436,0.012430337903907105,0.014659188820847444,-10.516063456632653,-14.744658801020408
2006-07-25 18:00:00,7,25,18,13,27150.75,"1081,1229,787,540",360.76975,12.93975,-3.33,-2.175,196.6903065146706,239433.7108885372,27.118747148010875,211.8987039082773,14.60025,355.03225000000003,174199.0,219.63,98.30057248176,14.60025,16.11225,354.34375,356.59825,16.891469767553197,1.4804774745025429,44.94279584831423,978.9549095862253,0.013331096372282018,0.01467489266806111,-9.719148596938776,-12.738679846938776
2006-07-25 18:00:00,7,25,18,50,67380.75,"943,1158,166,193",353.93875,14.35725,-26.34,1.305,197.6003441410501,25389.13476521483,39.33596752278302,207.4184527038123,13.30425,354.68125000000003,16164.0,213.76,46.35592720990843,12.73725,14.978250000000001,353.03425,355.63975,14.178461255321501,0.7335382207614672,38.57344476590464,977.6936081088319,0.010447852028419777,0.0151575468480587,-7.8071189413265305,-15.06397480867347
2006-07-25 18:00:00,7,25,18,50,61393.5,"943,1158,166,193",353.93875,14.35725,-26.34,1.305,195.9778019091841,25389.13476521483,44.67069803939507,205.70505221367137,13.34475,354.84325,16164.0,213.76,46.35592720990843,12.73725,14.978250000000001,353.03425,355.63975,28.350402293007583,1.334277913358297,38.77645363606544,977.8145929313192,0.010667666659823485,0.01505327620068375,-8.529017857142858,-15.404735331632653
2006-07-25 18:00:00,7,25,18,13,6005.25,"1081,1229,787,540",360.76975,12.93975,-3.33,-2.175,201.0276297441767,239433.7108885372,0.04489745507703129,214.3386210425018,14.61375,352.75075000000004,174199.0,219.63,98.30057248176,14.60025,15.22125,352.30525,353.80375000000004,0.02010651016621943,0.0008856920472763735,47.2032325649937,976.7048013381569,0.012544157192567173,0.014711336023649392,-12.795519770408163,-16.04946588010204
2006-07-25 18:00:00,7,25,18,13,29605.5,"1081,1229,787,540",360.76975,12.93975,-3.33,-2.175,199.92679605093787,239433.7108885372,19.015583093710607,212.37497554992552,14.64075,354.96475000000004,174199.0,219.63,98.30057248176,14.60025,16.09875,353.95225,356.30125,13.033705127475788,0.8672075857616925,45.268595659894395,978.9357024679379,0.013393154633896691,0.014673042966395008,-10.005620216836734,-13.08350605867347
2006-07-25 18:00:00,7,25,18,13,7823.25,"1081,1229,787,540",360.76975,12.93975,-3.33,-2.175,205.58575050022415,239433.7108885372,3.1315854549774613,210.21722235793214,16.23375,349.82125,174199.0,219.63,98.30057248176,15.92325,17.46225,349.30825,349.87525,2.627783131984841,0.24587655530059688,43.33269784672288,986.4038098389761,0.011916026929203344,0.012177954712996677,-13.754902742346939,-14.450175382653061
2006-07-25 18:00:00,7,25,18,13,32517.0,"1081,1229,787,540",360.76975,12.93975,-3.33,-2.175,204.49211954729998,239433.7108885372,14.817384727815858,214.9071348151654,14.61375,354.99175,174199.0,219.63,98.30057248176,14.60025,15.78825,352.15675,356.17975,6.794131612769959,0.5017205133694177,45.09912361699499,978.9364491595054,0.013358772637284532,0.01468007038442456,-9.836535395408163,-12.910076530612244
2006-07-25 18:00:00,7,25,18,50,69914.25,"943,1158,166,193",353.93875,14.35725,-26.34,1.305,196.17233996376126,25389.13476521483,25.995578377909577,210.57913968938294,13.11525,355.63975,16164.0,213.76,46.35592720990843,12.73725,14.978250000000001,353.03425,355.63975,11.218398722691314,0.6069000472788518,40.27777993812229,972.4385845990084,0.012326796881246323,0.015062868081945546,-12.49103156887755,-17.862802933673468
2006-07-25 18:00:00,7,25,18,13,5877.0,"1081,1229,787,540",360.76975,12.93975,-3.33,-2.175,198.12073200415398,239433.7108885372,12.55697230973848,207.55523120450417,16.32825,349.32175,174199.0,219.63,98.30057248176,15.88275,17.19225,349.30825,349.82125,10.056448115127568,0.7804915292097667,42.918355156639585,983.254059793122,0.012151413540146788,0.012334478905006331,-15.364397321428571,-16.268734056122447
2006-07-25 18:00:00,7,25,18,13,27738.0,"1081,1229,787,540",360.76975,12.93975,-3.33,-2.175,209.6268656357471,239433.7108885372,7.507975430809871,218.21060156362884,15.680250000000001,354.89725,174199.0,219.63,98.30057248176,14.60025,15.97725,351.90025,356.15275,5.532381830338954,0.36570679550646157,45.67247338890344,977.341804846744,0.011920224514086636,0.013872315689009063,-12.14094387755102,-18.105986926020407
2006-07-25 18:00:00,7,25,18,13,8061.75,"1081,1229,787,540",360.76975,12.93975,-3.33,-2.175,201.1519230407122,239433.7108885372,8.170350107272624,211.11308804202466,14.73525,353.66875,174199.0,219.63,98.30057248176,14.60025,15.38325,353.29075,354.50575000000003,7.2483017348989325,0.5780783193489761,47.18122546966865,977.9051979864861,0.012394414720486621,0.014464393847298865,-12.682836415816327,-17.58298788265306
2006-07-25 18:00:00,7,25,18,50,22216.5,"943,1158,166,193",353.93875,14.35725,-26.34,1.305,194.75551270830135,25389.13476521483,42.08531027554978,207.02465698909913,13.43925,354.31675,16164.0,213.76,46.35592720990843,13.08825,14.978250000000001,353.03425,354.96475000000004,34.83489699120756,2.3279309382280142,38.63033657516052,977.8370903042384,0.00989825862022687,0.015214219879435033,-7.196667729591836,-14.797712053571429
2006-07-25 18:00:00,7,25,18,50,5796.0,"943,1158,166,193",353.93875,14.35725,-26.34,1.305,196.07429942131643,25389.13476521483,18.942825920841617,208.20591237797214,14.54625,355.51825,16164.0,213.76,46.35592720990843,14.20875,14.978250000000001,354.76225,355.63975,18.49877385764443,2.5940517922975115,43.880697761149804,979.3011183843806,0.01263765669522845,0.014773164799779045,-9.06756218112245,-12.42303093112245
2006-07-25 18:00:00,7,25,18,13,11758.5,"1081,1229,787,540",360.76975,12.93975,-3.33,-2.175,198.80148432663395,239433.7108885372,9.990844106537391,214.25357917616418,14.68125,353.39875,174199.0,219.63,98.30057248176,14.60025,15.59925,352.84525,354.23575,9.491102406787627,0.3757381121576662,47.49507234937297,978.0662940179086,0.012217341637124821,0.014506383665970393,-11.339604591836734,-16.049545599489797
2006-07-25 18:00:00,7,25,18,13,18900.0,"1081,1229,787,540",360.76975,12.93975,-3.33,-2.175,198.9654376791311,239433.7108885372,23.855006654579395,211.96294103668433,14.60025,355.45075,174199.0,219.63,98.30057248176,14.60025,16.03125,354.68125000000003,356.59825,20.222143341423447,1.2534911015534864,44.1803574594787,979.2946464480186,0.012879158446223152,0.014726959929174306,-9.132374043367347,-12.171277104591837
2006-07-25 18:00:00,7,25,18,13,6104.25,"1081,1229,787,540",360.76975,12.93975,-3.33,-2.175,202.48836751877437,239433.7108885372,27.658274088325253,208.2453245751064,14.62725,355.88275,174199.0,219.63,98.30057248176,14.60025,15.22125,355.51825,356.59825,18.225804968603672,0.8147210443623203,44.53262790966294,977.2582771894885,0.012421308180355296,0.014935341568625703,-9.196747448979592,-13.69415656887755
2006-07-25 19:00:00,7,25,19,13,6952.5,"917,1226,887,543",359.25775,13.18275,-2.475,-1.455,198.12073200415398,245390.4911185168,10.029111139717967,207.5806420189627,16.32825,349.32175,209089.0,219.08,65.30860817344885,15.88275,17.19225,349.22725,349.82125,9.96241450909776,1.0160284237215687,42.918355156639585,983.254059793122,0.012151413540146788,0.012334478905006331,-15.364397321428571,-16.268734056122447
2006-07-25 19:00:00,7,25,19,13,104976.0,"917,1226,887,543",359.25775,13.18275,-2.475,-1.455,195.9778019091841,245390.4911185168,40.05918715913673,208.83047292980322,13.34475,354.84325,209089.0,219.08,65.30860817344885,12.73725,16.09875,352.17025,356.36875000000003,20.72724722042172,1.1879992889825777,38.77645363606544,977.8145929313192,0.010667666659823485,0.01505327620068375,-8.529017857142858,-15.404735331632653
2006-07-25 19:00:00,7,25,19,13,29310.75,"917,1226,887,543",359.25775,13.18275,-2.475,-1.455,194.75551270830135,245390.4911185168,44.48075381566593,209.47880572723494,13.43925,354.31675,209089.0,219.08,65.30860817344885,13.08825,15.59925,352.84525,354.96475000000004,31.225152205633254,1.667968965190426,38.63033657516052,977.8370903042384,0.00989825862022687,0.015214219879435033,-7.196667729591836,-14.797712053571429
2006-07-25 19:00:00,7,25,19,13,28824.75,"917,1226,887,543",359.25775,13.18275,-2.475,-1.455,196.07429942131643,245390.4911185168,30.77615250529668,211.52892279226694,14.54625,355.51825,209089.0,219.08,65.30860817344885,13.65525,16.03125,354.68125000000003,356.55775,20.935507422085205,1.282639073061414,43.880697761149804,979.3011183843806,0.01263765669522845,0.014773164799779045,-9.06756218112245,-12.42303093112245
2006-07-25 19:00:00,7,25,19,13,123673.5,"917,1226,887,543",359.25775,13.18275,-2.475,-1.455,196.44164704042,245390.4911185168,31.82755875566192,209.7906626991905,13.52025,355.92325,209089.0,219.08,65.30860817344885,12.48075,15.78825,352.06225,356.55775,20.98384535918428,1.0411126050084187,41.78365871838918,971.8704980460965,0.011664031890734118,0.014731164964638194,-11.441844706632653,-16.79133450255102
2006-07-25 19:00:00,7,25,19,13,9355.5,"917,1226,887,543",359.25775,13.18275,-2.475,-1.455,205.58575050022415,245390.4911185168,3.9620192049618104,210.40708723591663,16.23375,349.82125,209089.0,219.08,65.30860817344885,15.90975,17.46225,349.22725,349.87525,2.786964888338468,0.2609861014967229,43.33269784672288,986.4038098389761,0.011916026929203344,0.012177954712996677,-13.754902742346939,-14.450175382653061
2006-07-25 19:00:00,7,25,19,13,7996.5,"917,1226,887,543",359.25775,13.18275,-2.475,-1.455,211.81707350913763,245390.4911185168,1.8725129657277704,217.59581483122628,16.57125,349.68625000000003,209089.0,219.08,65.30860817344885,15.95025,17.43525,349.22725,349.83475,1.080668674177356,0.041624772517976076,40.266040713643235,979.3502087118187,0.011917480457650155,0.012153962912152007,-14.758410395408163,-15.622329400510203
2006-07-25 19:00:00,7,25,19,13,131755.5,"917,1226,887,543",359.25775,13.18275,-2.475,-1.455,195.03714718261725,245390.4911185168,53.32386221917013,211.42197061048793,13.26375,355.81525,209089.0,219.08,65.30860817344885,12.38625,15.97725,351.76525000000004,356.55775,19.32978936401561,1.0236018973078826,41.018607452259374,972.5656523416479,0.012309947545279046,0.014754042694611209,-12.797951211734693,-17.39548788265306
2006-07-25 19:00:00,7,25,19,13,41589.0,"917,1226,887,543",359.25775,13.18275,-2.475,-1.455,195.9155559313587,245390.4911185168,27.07390931712139,211.28559428969504,14.50575,355.08625,209089.0,219.08,65.30860817344885,13.49325,16.11225,354.34375,356.55775,15.439142197545742,1.125594709949603,44.19363009378663,978.9422807580597,0.013082785835983803,0.014671437879454116,-9.211336096938776,-12.466517857142858
2006-07-25 19:00:00,7,25,19,13,37095.75,"917,1226,887,543",359.25775,13.18275,-2.475,-1.455,194.42922706291236,245390.4911185168,44.425715761034986,206.51589490313654,13.37175,354.08725000000004,209089.0,219.08,65.30860817344885,12.80475,15.23475,352.53475000000003,354.93775,23.40173692839256,1.4026446341855763,38.87248464708244,977.5654314305831,0.01021470089576074,0.015451195459736854,-7.495296556122449,-15.284956951530612
2006-07-25 19:00:00,7,25,19,13,8730.0,"917,1226,887,543",359.25775,13.18275,-2.475,-1.455,200.82342058232436,245390.4911185168,9.133928745324074,211.0109594046547,14.51925,354.15475000000004,209089.0,219.08,65.30860817344885,14.41125,15.38325,353.29075,354.50575000000003,8.722433200917807,0.7481709776349235,46.14386775264461,978.636524438858,0.012997378462127276,0.014779898090934267,-12.836296237244898,-17.035315688775512
2006-07-25 19:00:00,7,25,19,13,10982.25,"917,1226,887,543",359.25775,13.18275,-2.475,-1.455,202.48836751877437,245390.4911185168,24.88041260202565,208.9078626241568,14.62725,355.88275,209089.0,219.08,65.30860817344885,14.00625,15.22125,355.50475,356.55775,23.20051936616571,1.0080735903568239,44.53262790966294,977.2582771894885,0.012421308180355296,0.014935341568625703,-9.196747448979592,-13.69415656887755
2006-07-25 20:00:00,7,25,20,13,7823.25,"892,1208,862,519",358.46125,13.29075,-2.4000000000000004,-0.2249999999999999,205.58575050022415,223041.3672516476,3.1315854549774613,210.21722235793217,16.23375,349.82125,210900.0,218.6,123.31120861888462,15.92325,17.46225,349.30825,349.87525,2.627783131984841,0.24587655530059685,43.33269784672288,986.4038098389761,0.011916026929203344,0.012177954712996677,-13.754902742346939,-14.450175382653061
2006-07-25 20:00:00,7,25,20,13,129996.0,"892,1208,862,519",358.46125,13.29075,-2.4000000000000004,-0.2249999999999999,195.03714718261725,223041.3672516476,56.19173535261217,211.51536174318292,13.26375,355.81525,210900.0,218.6,123.31120861888462,12.15675,15.97725,351.76525000000004,356.31475,18.778366492426887,0.9006248743337716,41.018607452259374,972.5656523416479,0.012309947545279046,0.014754042694611209,-12.797951211734693,-17.39548788265306
2006-07-25 20:00:00,7,25,20,13,7447.5,"892,1208,862,519",358.46125,13.29075,-2.4000000000000004,-0.2249999999999999,202.48836751877437,223041.3672516476,27.658274088325253,209.2382024482373,14.62725,355.88275,210900.0,218.6,123.31120861888462,14.04675,15.14025,355.50475,356.31475,27.291718426656306,1.5535022627344621,44.53262790966294,977.2582771894885,0.012421308180355296,0.014935341568625703,-9.196747448979592,-13.69415656887755
2006-07-25 20:00:00,7,25,20,13,8730.0,"892,1208,862,519",358.46125,13.29075,-2.4000000000000004,-0.2249999999999999,200.82342058232436,223041.3672516476,8.170350107272624,211.0109594046547,14.51925,354.15475000000004,210900.0,218.6,123.31120861888462,14.41125,15.38325,353.29075,354.50575000000003,7.799844147836499,0.711409002457221,46.14386775264461,978.636524438858,0.012997378462127276,0.014779898090934267,-12.836296237244898,-17.035315688775512
2006-07-25 20:00:00,7,25,20,13,120478.5,"892,1208,862,519",358.46125,13.29075,-2.4000000000000004,-0.2249999999999999,196.44164704042,223041.3672516476,33.50703059610801,209.86921009255857,13.52025,355.92325,210900.0,218.6,123.31120861888462,12.48075,15.78825,352.06225,356.31475,19.02677170128753,0.9884206505416321,41.78365871838918,971.8704980460965,0.011664031890734118,0.014731164964638194,-11.441844706632653,-16.79133450255102
2006-07-25 20:00:00,7,25,20,13,6558.75,"892,1208,862,519",358.46125,13.29075,-2.4000000000000004,-0.2249999999999999,211.81707350913763,223041.3672516476,0.25052170302373133,217.26407520475527,16.57125,349.68625000000003,210900.0,218.6,123.31120861888462,15.95025,17.28675,349.30825,349.83475,0.1359207349810969,0.008213770598965942,40.266040713643235,979.3502087118187,0.011917480457650155,0.012153962912152007,-14.758410395408163,-15.622329400510203
2006-07-25 20:00:00,7,25,20,13,5877.0,"892,1208,862,519",358.46125,13.29075,-2.4000000000000004,-0.2249999999999999,198.12073200415398,223041.3672516476,12.55697230973848,207.55523120450417,16.32825,349.32175,210900.0,218.6,123.31120861888462,15.88275,17.19225,349.30825,349.82125,10.056448115127568,0.7804915292097667,42.918355156639585,983.254059793122,0.012151413540146788,0.012334478905006331,-15.364397321428571,-16.268734056122447
2006-07-25 20:00:00,7,25,20,13,23586.75,"892,1208,862,519",358.46125,13.29075,-2.4000000000000004,-0.2249999999999999,196.07429942131643,223041.3672516476,23.855006654579395,211.03649694333996,14.54625,355.51825,210900.0,218.6,123.31120861888462,13.79025,16.03125,354.68125000000003,356.31475,19.35354301398855,1.4378001965575864,43.880697761149804,979.3011183843806,0.01263765669522845,0.014773164799779045,-9.06756218112245,-12.42303093112245
2006-07-25 20:00:00,7,25,20,13,37122.75,"892,1208,862,519",358.46125,13.29075,-2.4000000000000004,-0.2249999999999999,195.9155559313587,223041.3672516476,27.118747148010875,210.53931830611967,14.50575,355.08625,210900.0,218.6,123.31120861888462,13.77675,16.11225,354.34375,356.31475,15.40164820383539,1.2896626295861677,44.19363009378663,978.9422807580597,0.013082785835983803,0.014671437879454116,-9.211336096938776,-12.466517857142858
2006-07-25 20:00:00,7,25,20,13,29310.75,"892,1208,862,519",358.46125,13.29075,-2.4000000000000004,-0.2249999999999999,194.75551270830135,223041.3672516476,56.051587707782886,209.47880572723503,13.43925,354.31675,210900.0,218.6,123.31120861888462,13.08825,15.59925,352.84525,354.96475000000004,28.81189049504078,1.6373112621649202,38.63033657516052,977.8370903042384,0.00989825862022687,0.015214219879435033,-7.196667729591836,-14.797712053571429
2006-07-25 20:00:00,7,25,20,13,104874.75,"892,1208,862,519",358.46125,13.29075,-2.4000000000000004,-0.2249999999999999,195.9778019091841,223041.3672516476,46.11331097515889,208.81977876494128,13.34475,354.84325,210900.0,218.6,123.31120861888462,12.73725,16.09875,352.17025,356.31475,21.498199453219645,1.1755445508511257,38.77645363606544,977.8145929313192,0.010667666659823485,0.01505327620068375,-8.529017857142858,-15.404735331632653
2006-07-25 20:00:00,7,25,20,13,37095.75,"892,1208,862,519",358.46125,13.29075,-2.4000000000000004,-0.2249999999999999,194.42922706291236,223041.3672516476,45.48113095552822,206.5158949031365,13.37175,354.08725000000004,210900.0,218.6,123.31120861888462,12.80475,15.23475,352.53475000000003,354.93775,25.748580375141888,1.4026978075531042,38.87248464708244,977.5654314305831,0.01021470089576074,0.015451195459736854,-7.495296556122449,-15.284956951530612
2006-07-25 21:00:00,7,25,21,13,5728.5,"868,1201,791,497",357.71875,13.30425,-1.485,0.12,197.28221296126105,195539.327493628,20.46713413121942,210.25531638829105,11.792250000000001,350.41525,203266.0,218.36,83.06424037961732,11.72475,12.399750000000001,349.87525,350.76625,20.447256002145902,1.1238828571926311,43.63298499770281,962.4444754551868,0.013649073638478103,0.015744134769476226,-14.72819674744898,-18.65552186402809
2006-07-25 21:00:00,7,25,21,13,5566.5,"868,1201,791,497",357.71875,13.30425,-1.485,0.12,201.80747211244378,195539.327493628,27.483127094162192,213.44776327438285,11.95425,349.95625,203266.0,218.36,83.06424037961732,11.72475,12.50775,349.51075000000003,350.28025,26.114726146695755,2.795683932950105,43.28981101092738,960.3099933203873,0.013403245000814905,0.015843886671605065,-14.592036033163266,-18.598667411426746
2006-07-25 21:00:00,7,25,21,13,128668.5,"868,1201,791,497",357.71875,13.30425,-1.485,0.12,195.03714718261725,195539.327493628,44.049231451206836,211.53914521915922,13.26375,355.81525,203266.0,218.36,83.06424037961732,12.15675,15.97725,351.76525000000004,356.22025,17.06364140766944,0.829343875159513,41.018607452259374,972.5656523416479,0.012309947545279046,0.014754042694611209,-12.797951211734693,-17.39548788265306
2006-07-25 21:00:00,7,25,21,13,21078.0,"868,1201,791,497",357.71875,13.30425,-1.485,0.12,196.07429942131643,195539.327493628,30.77615250529668,210.70036640871226,14.54625,355.51825,203266.0,218.36,83.06424037961732,13.80375,16.03125,354.68125000000003,356.22025,22.074270614048825,1.6668089691364598,43.880697761149804,979.3011183843806,0.01263765669522845,0.014773164799779045,-9.06756218112245,-12.42303093112245
2006-07-25 21:00:00,7,25,21,13,29310.75,"868,1201,791,497",357.71875,13.30425,-1.485,0.12,194.75551270830135,195539.327493628,44.48075381566593,209.47880572723497,13.43925,354.31675,203266.0,218.36,83.06424037961732,13.08825,15.59925,352.84525,354.96475000000004,31.225152205633254,1.667968965190426,38.63033657516052,977.8370903042384,0.00989825862022687,0.015214219879435033,-7.196667729591836,-14.797712053571429
2006-07-25 21:00:00,7,25,21,13,104269.5,"868,1201,791,497",357.71875,13.30425,-1.485,0.12,195.9778019091841,195539.327493628,40.05918715913673,208.76917581452395,13.34475,354.84325,203266.0,218.36,83.06424037961732,12.73725,16.09875,352.17025,356.22025,20.742133753606364,1.204869555065476,38.77645363606544,977.8145929313192,0.010667666659823485,0.01505327620068375,-8.529017857142858,-15.404735331632653
2006-07-25 21:00:00,7,25,21,13,7713.0,"868,1201,791,497",357.71875,13.30425,-1.485,0.12,199.6212516831378,195539.327493628,20.761014040114237,213.5372631923092,11.72475,350.15875,203266.0,218.36,83.06424037961732,11.72475,12.45375,349.51075000000003,350.53675,14.368309325694106,0.8237503304635903,43.61828275982598,960.5069750209731,0.013733431278746955,0.0156318693925046,-14.42821269132653,-18.463892435365466
2006-07-25 21:00:00,7,25,21,13,119292.75,"868,1201,791,497",357.71875,13.30425,-1.485,0.12,196.44164704042,195539.327493628,31.82755875566192,209.87178748127994,13.52025,355.92325,203266.0,218.36,83.06424037961732,12.48075,15.78825,352.06225,356.22025,20.67756353390075,0.9970807920502948,41.78365871838918,971.8704980460965,0.011664031890734118,0.014731164964638194,-11.441844706632653,-16.79133450255102
2006-07-25 21:00:00,7,25,21,13,35016.75,"868,1201,791,497",357.71875,13.30425,-1.485,0.12,195.9155559313587,195539.327493628,27.07390931712139,210.10318030753626,14.50575,355.08625,203266.0,218.36,83.06424037961732,13.83075,16.11225,354.34375,356.22025,15.714534303355922,1.3148787379848692,44.19363009378663,978.9422807580597,0.013082785835983803,0.014671437879454116,-9.211336096938776,-12.466517857142858
2006-07-25 21:00:00,7,25,21,13,37095.75,"868,1201,791,497",357.71875,13.30425,-1.485,0.12,194.42922706291236,195539.327493628,44.425715761034986,206.51589490313648,13.37175,354.08725000000004,203266.0,218.36,83.06424037961732,12.80475,15.23475,352.53475000000003,354.93775,23.40173692839256,1.4026446341855763,38.87248464708244,977.5654314305831,0.01021470089576074,0.015451195459736854,-7.495296556122449,-15.284956951530612
2006-07-25 21:00:00,7,25,21,13,8730.0,"868,1201,791,497",357.71875,13.30425,-1.485,0.12,200.82342058232436,195539.327493628,9.133928745324074,211.01095940465467,14.51925,354.15475000000004,203266.0,218.36,83.06424037961732,14.41125,15.38325,353.29075,354.50575000000003,8.722433200917807,0.7481709776349237,46.14386775264461,978.636524438858,0.012997378462127276,0.014779898090934267,-12.836296237244898,-17.035315688775512
2006-07-25 21:00:00,7,25,21,13,6194.25,"868,1201,791,497",357.71875,13.30425,-1.485,0.12,202.48836751877437,195539.327493628,24.88041260202565,209.39697696505777,14.62725,355.88275,203266.0,218.36,83.06424037961732,14.10075,15.12675,355.50475,356.22025,23.890110555187338,1.5707262180919583,44.53262790966294,977.2582771894885,0.012421308180355296,0.014935341568625703,-9.196747448979592,-13.69415656887755
2006-07-25 22:00:00,7,25,22,13,129069.0,"854,1203,779,507",357.36775,13.20975,-2.115,-0.495,195.03714718261725,154245.2504350284,47.866653481045766,211.53502267740106,13.26375,355.81525,208711.0,220.14,104.5320059193917,12.15675,15.97725,351.76525000000004,356.24725,15.42709898385378,0.8144007323763033,41.018607452259374,972.5656523416479,0.012309947545279046,0.014754042694611209,-12.797951211734693,-17.39548788265306
2006-07-25 22:00:00,7,25,22,13,8057.25,"854,1203,779,507",357.36775,13.20975,-2.115,-0.495,201.80747211244378,154245.2504350284,25.536413014153624,212.74086175716843,11.95425,349.95625,208711.0,220.14,104.5320059193917,11.53575,12.50775,349.40275,350.28025,23.27143328612605,2.547058971029656,43.28981101092738,960.3099933203873,0.013403245000814905,0.015843886671605065,-14.592036033163266,-18.598667411426746
2006-07-25 22:00:00,7,25,22,13,5058.0,"854,1203,779,507",357.36775,13.20975,-2.115,-0.495,211.81707350913763,154245.2504350284,0.1153548386876836,216.7714663012259,16.57125,349.68625000000003,208711.0,220.14,104.5320059193917,15.96375,17.20575,349.40275,349.83475,0.08349787684025342,0.0042794671982731795,40.266040713643235,979.3502087118187,0.011917480457650155,0.012153962912152007,-14.758410395408163,-15.622329400510203
2006-07-25 22:00:00,7,25,22,13,21798.0,"854,1203,779,507",357.36775,13.20975,-2.115,-0.495,196.07429942131643,154245.2504350284,25.006099274196732,210.79130561213464,14.54625,355.51825,208711.0,220.14,104.5320059193917,13.80375,16.03125,354.68125000000003,356.24725,22.128942674461918,1.5691596815039184,43.880697761149804,979.3011183843806,0.01263765669522845,0.014773164799779045,-9.06756218112245,-12.42303093112245
2006-07-25 22:00:00,7,25,22,13,29310.75,"854,1203,779,507",357.36775,13.20975,-2.115,-0.495,194.75551270830135,154245.2504350284,45.06506161669994,209.47880572723503,13.43925,354.31675,208711.0,220.14,104.5320059193917,13.08825,15.59925,352.84525,354.96475000000004,31.003884099763827,1.6752328028005732,38.63033657516052,977.8370903042384,0.00989825862022687,0.015214219879435033,-7.196667729591836,-14.797712053571429
2006-07-25 22:00:00,7,25,22,13,6012.0,"854,1203,779,507",357.36775,13.20975,-2.115,-0.495,205.58575050022415,154245.2504350284,3.3180814277905926,209.9507726219484,16.23375,349.82125,208711.0,220.14,104.5320059193917,15.92325,17.44875,349.40275,349.87525,2.505091345050446,0.19443934164859253,43.33269784672288,986.4038098389761,0.011916026929203344,0.012177954712996677,-13.754902742346939,-14.450175382653061
2006-07-25 22:00:00,7,25,22,13,119623.5,"854,1203,779,507",357.36775,13.20975,-2.115,-0.495,196.44164704042,154245.2504350284,32.67474966671039,209.8744013604955,13.52025,355.92325,208711.0,220.14,104.5320059193917,12.48075,15.78825,352.06225,356.24725,19.499342909448227,0.9879913301819697,41.78365871838918,971.8704980460965,0.011664031890734118,0.014731164964638194,-11.441844706632653,-16.79133450255102
2006-07-25 22:00:00,7,25,22,13,10354.5,"854,1203,779,507",357.36775,13.20975,-2.115,-0.495,198.1638857293178,154245.2504350284,18.213425842349565,213.07870304814216,11.697750000000001,350.09125,208711.0,220.14,104.5320059193917,11.53575,12.45375,349.40275,350.53675,13.959429546524404,0.9563856360950629,43.606370848751695,960.1184758443248,0.013703802600502968,0.01558312913536683,-14.153858418367347,-18.246967762527927
2006-07-25 22:00:00,7,25,22,13,6543.0,"854,1203,779,507",357.36775,13.20975,-2.115,-0.495,202.48836751877437,154245.2504350284,25.74901123437325,209.3428088600567,14.62725,355.88275,208711.0,220.14,104.5320059193917,14.087250000000001,15.12675,355.50475,356.24725,23.589813979689303,1.7028164868048226,44.53262790966294,977.2582771894885,0.012421308180355296,0.014935341568625703,-9.196747448979592,-13.69415656887755
2006-07-25 22:00:00,7,25,22,13,8730.0,"854,1203,779,507",357.36775,13.20975,-2.115,-0.495,200.82342058232436,154245.2504350284,10.93427282816401,211.0109594046547,14.51925,354.15475000000004,208711.0,220.14,104.5320059193917,14.41125,15.38325,353.29075,354.50575000000003,7.631243448315792,0.7300315411280681,46.14386775264461,978.636524438858,0.012997378462127276,0.014779898090934267,-12.836296237244898,-17.035315688775512
2006-07-25 22:00:00,7,25,22,13,104555.25,"854,1203,779,507",357.36775,13.20975,-2.115,-0.495,195.9778019091841,154245.2504350284,40.90987250089012,208.79320330172223,13.34475,354.84325,208711.0,220.14,104.5320059193917,12.73725,16.09875,352.17025,356.24725,22.364644218969172,1.195935669250788,38.77645363606544,977.8145929313192,0.010667666659823485,0.01505327620068375,-8.529017857142858,-15.404735331632653
2006-07-25 22:00:00,7,25,22,13,6437.25,"854,1203,779,507",357.36775,13.20975,-2.115,-0.495,197.28221296126105,154245.2504350284,25.84555431253887,210.30223064866618,11.792250000000001,350.41525,208711.0,220.14,104.5320059193917,11.603250000000001,12.399750000000001,349.87525,350.76625,17.480060378729533,1.2499686437689839,43.63298499770281,962.4444754551868,0.013649073638478103,0.015744134769476226,-14.72819674744898,-18.65552186402809
2006-07-25 22:00:00,7,25,22,13,35646.75,"854,1203,779,507",357.36775,13.20975,-2.115,-0.495,195.9155559313587,154245.2504350284,27.4171804421898,210.22360014139753,14.50575,355.08625,208711.0,220.14,104.5320059193917,13.81725,16.11225,354.34375,356.24725,18.36454090758504,1.3780151161977352,44.19363009378663,978.9422807580597,0.013082785835983803,0.014671437879454116,-9.211336096938776,-12.466517857142858
2006-07-25 22:00:00,7,25,22,13,37095.75,"854,1203,779,507",357.36775,13.20975,-2.115,-0.495,194.42922706291236,154245.2504350284,44.94051420900994,206.5158949031365,13.37175,354.08725000000004,208711.0,220.14,104.5320059193917,12.80475,15.23475,352.53475000000003,354.93775,22.14902490288994,1.399042687462175,38.87248464708244,977.5654314305831,0.01021470089576074,0.015451195459736854,-7.495296556122449,-15.284956951530612
2006-07-26 16:00:00,7,26,16,115,5150.25,"1248,1001,61,81",357.21925,12.99375,-13.86,11.085,200.29873856413215,2811.7166492303445,4.5745693467097945,208.28809420758105,16.85475,353.02075,3368.0,223.21,8.488038459973342,16.85475,17.50275,352.42675,353.41225000000003,2.8743987209503286,0.1766431495985643,46.034106961550414,973.0999949437746,0.013173311967782828,0.013752502047133689,-21.639110331632654,-24.52248086734694
2006-07-26 16:00:00,7,26,16,132,14649.75,"921,1289,71,145",352.91275,16.39575,12.675,1.395,202.9344594185689,5401.982218762597,19.85037246780969,212.8831019373957,13.18275,355.45075,7049.0,216.73,15.412183543974487,12.44025,13.39875,355.45075,356.89525000000003,16.827797990855643,1.1974924973490786,51.57472494340569,976.1303578378717,0.012676410586098018,0.015504452038784417,-17.501953125,-20.204360650510203
2006-07-26 16:00:00,7,26,16,132,15693.75,"921,1289,71,145",352.91275,16.39575,12.675,1.395,195.72460072880324,5401.982218762597,40.3332309875211,207.1381545447494,13.03425,356.00425,7049.0,216.73,15.412183543974487,12.46725,13.39875,355.45075,357.40825,37.894571982868136,5.374041124736672,52.281729470869884,976.4681570919191,0.013094995132818515,0.01601944550187612,-17.478914221938776,-18.636200573979593
2006-07-26 16:00:00,7,26,16,132,8772.75,"921,1289,71,145",352.91275,16.39575,12.675,1.395,210.71993831835718,5401.982218762597,4.792976111491547,216.37246183296682,13.39875,355.45075,7049.0,216.73,15.412183543974487,12.44025,13.39875,355.45075,356.24725,3.5403584951526477,0.37226005773092846,50.80270567211182,977.7002848520087,0.012259177977637368,0.014816575968752101,-17.3046875,-19.958466198979593
2006-07-26 16:00:00,7,26,16,132,17093.25,"921,1289,71,145",352.91275,16.39575,12.675,1.395,196.88319675965596,5401.982218762597,50.11835021074445,206.9146831265071,12.95325,355.72075,7049.0,216.73,15.412183543974487,12.44025,13.39875,355.45075,357.40825,45.53712726796626,5.594741333334158,51.9085602448065,973.9880723797545,0.013240527399644559,0.01582216294672416,-17.589046556122447,-19.137954400510203
2006-07-26 16:00:00,7,26,16,132,5096.25,"921,1289,71,145",352.91275,16.39575,12.675,1.395,201.45796319419787,5401.982218762597,2.0544514521747828,211.0304690671858,13.196250000000001,356.90875,7049.0,216.73,15.412183543974487,12.75075,13.39875,356.63875,357.40825,1.8764934895279501,0.1264777611584491,53.267710619369936,980.1419851645646,0.012825200486243988,0.015587957899029158,-16.746492346938776,-17.191924426020407
2006-07-26 16:00:00,7,26,16,132,17061.75,"921,1289,71,145",352.91275,16.39575,12.675,1.395,197.30493499897364,5401.982218762597,26.594769051770932,209.00663899752436,13.290750000000001,355.49125000000004,7049.0,216.73,15.412183543974487,12.44025,13.39875,355.45075,356.98975,25.391286402428552,2.5786382596421467,51.132604624854366,976.517984635684,0.01245979411641554,0.015184564306875882,-17.380102040816325,-20.01889349489796
2006-07-26 17:00:00,7,26,17,132,29175.75,"894,1298,120,173",352.81825000000003,16.40925,-11.37,-3.1500000000000004,195.51992444980345,5407.351499842915,44.22633877920505,208.17457184057355,13.58775,355.19425,12965.0,215.5,16.77251211510604,12.19725,13.69575,355.19425,357.09775,35.382615382814826,2.4271332679083493,50.875921095275764,980.26612593826,0.012193449012631056,0.014403145380166113,-17.716557716836736,-20.223573022959183
2006-07-26 17:00:00,7,26,17,132,5654.25,"894,1298,120,173",352.81825000000003,16.40925,-11.37,-3.1500000000000004,201.45796319419787,5407.351499842915,2.030733134033897,211.21842862162487,13.196250000000001,356.90875,12965.0,215.5,16.77251211510604,12.75075,13.53375,356.63875,357.47575,1.8307386204999312,0.09354474892735716,53.267710619369936,980.1419851645646,0.012825200486243988,0.015587957899029158,-16.746492346938776,-17.191924426020407
2006-07-26 17:00:00,7,26,17,132,7881.75,"894,1298,120,173",352.81825000000003,16.40925,-11.37,-3.1500000000000004,195.37771461433806,5407.351499842915,45.903110457080274,203.93513241906476,13.54725,356.20675,12965.0,215.5,16.77251211510604,12.92625,13.69575,355.66675000000004,356.78725000000003,40.22099870322858,7.300327059599844,50.36702064430922,975.6730868983756,0.01137676589875197,0.015502760034738754,-14.906449298469388,-17.789580676020407
2006-07-26 17:00:00,7,26,17,115,19995.75,"1141,1028,155,113",356.53075,13.20975,-23.805,0.4499999999999999,200.29594524200323,36248.4153454216,4.039530028421112,210.29469520665037,16.84125,353.02075,8893.0,214.24,64.44581901358329,15.42375,17.50275,352.35925000000003,353.56075,2.8765070903791563,0.13072467811353594,46.08604461707297,973.0420549238945,0.013184678740799427,0.013759524143319957,-21.683872767857142,-24.557517538265305
2006-07-26 17:00:00,7,26,17,132,26811.0,"894,1298,120,173",352.81825000000003,16.40925,-11.37,-3.1500000000000004,199.471339053569,5407.351499842915,26.03737733370551,211.51612456249606,13.41225,355.19425,12965.0,215.5,16.77251211510604,12.07575,13.69575,355.19425,356.89525000000003,16.47436681671996,1.1934712975452078,51.39872239375018,979.7191534986301,0.01232601989212693,0.014971946841295885,-17.764827806122447,-20.611088966836736
2006-07-26 17:00:00,7,26,17,115,10939.5,"1141,1028,155,113",356.53075,13.20975,-23.805,0.4499999999999999,199.86521804748358,36248.4153454216,6.194977097824297,210.17601857547388,16.61175,352.95325,8893.0,214.24,64.44581901358329,15.57225,17.17875,352.53475000000003,353.37175,5.684808538409301,0.40891858317078555,47.006641552699094,974.517319699891,0.013338640940432646,0.01387882415129214,-22.446787308673468,-25.256656568877553
2006-07-26 17:00:00,7,26,17,115,21660.75,"1141,1028,155,113",356.53075,13.20975,-23.805,0.4499999999999999,205.51810692807823,36248.4153454216,0.4452312735891301,213.2215862319982,16.81425,352.96675,8893.0,214.24,64.44581901358329,15.63975,17.42175,352.35925000000003,353.60125,0.2816889002803829,0.007838649881760678,46.18414355364385,973.7731193976501,0.013235933698561728,0.013818858438456545,-22.02834024234694,-24.843510841836736
2006-07-26 17:00:00,7,26,17,132,23706.0,"894,1298,120,173",352.81825000000003,16.40925,-11.37,-3.1500000000000004,195.72460072880324,5407.351499842915,41.64730685284582,206.56949675491722,13.03425,356.00425,12965.0,215.5,16.77251211510604,12.46725,13.69575,355.19425,357.47575,36.88955184422982,4.502620468516573,52.281729470869884,976.4681570919191,0.013094995132818515,0.01601944550187612,-17.478914221938776,-18.636200573979593
2006-07-26 17:00:00,7,26,17,115,12687.75,"1141,1028,155,113",356.53075,13.20975,-23.805,0.4499999999999999,212.4915738000681,36248.4153454216,0.023695255243851375,218.02385682439078,16.39575,353.16925000000003,8893.0,214.24,64.44581901358329,15.54525,17.20575,352.35925000000003,353.41225000000003,0.00045048944949303913,0.00017363260241608496,47.670028501469496,973.9450600242615,0.013199324282456418,0.013573371044987318,-20.91669323979592,-22.911910076530614
2006-07-26 17:00:00,7,26,17,132,27013.5,"894,1298,120,173",352.81825000000003,16.40925,-11.37,-3.1500000000000004,194.76448007896067,5407.351499842915,46.672665855721505,206.17656323524912,13.62825,355.41025,12965.0,215.5,16.77251211510604,12.37275,13.69575,355.19425,357.46225000000004,35.45054655984049,4.383974523280131,50.23141023735274,979.4143353880669,0.01203103384421188,0.014104325419329867,-17.360132334183675,-19.622927295918366
2006-07-26 17:00:00,7,26,17,132,17835.75,"894,1298,120,173",352.81825000000003,16.40925,-11.37,-3.1500000000000004,204.09350631091988,5407.351499842915,15.204944132823206,215.11371466197465,13.69575,355.19425,12965.0,215.5,16.77251211510604,12.07575,13.69575,355.19425,356.24725,7.536315836541789,0.628043017141264,50.65944171148616,980.5681932655647,0.012201860566072318,0.014081342715998086,-17.641422193877553,-19.90720663265306
2006-07-26 18:00:00,7,26,18,126,5062.5,"853,788,89,68",352.15675,10.17225,-25.785000000000004,-8.850000000000001,204.20720185202535,2322.8299952869484,9.51938582047882e-08,214.4964997650585,12.18375,350.53675,3583.0,227.79,10.071297111266292,11.80575,12.54825,349.92925,350.64475,5.693696061703161e-08,2.4540388083894965e-09,46.83904659813881,966.1941410091944,0.012104190144763917,0.015208942948707513,-9.713249362244898,-12.461375956632653
2006-07-26 18:00:00,7,26,18,132,29475.0,"871,1299,140,179",352.68325,16.32825,-5.5200000000000005,-3.03,195.1029079577631,2166.284125943042,56.85400358616626,207.94209554425512,13.61475,355.15375,16619.0,218.14,6.914039286381496,12.19725,13.65525,355.12675,357.09775,30.876271820431466,2.464567843864803,50.93421853164782,980.405609499873,0.012237918563187122,0.014385991463703769,-17.780333227040817,-20.23796237244898
2006-07-26 18:00:00,7,26,18,132,28764.0,"871,1299,140,179",352.68325,16.32825,-5.5200000000000005,-3.03,198.94889967369994,2166.284125943042,25.4835783970851,211.5952952800377,13.37175,355.12675,16619.0,218.14,6.914039286381496,11.88675,13.65525,355.12675,356.89525000000003,17.545874291911453,1.2384343042430317,51.68879308152152,979.7151073317625,0.012456550433927653,0.015210524866623538,-17.93913424744898,-20.90397799744898
2006-07-26 18:00:00,7,26,18,115,21192.75,"1092,1046,204,129",356.16625,13.23675,-7.050000000000001,0.675,205.51810692807823,64513.6294234138,0.35314937269377394,213.21280706356606,16.81425,352.96675,16408.0,211.53,56.521274491608416,15.63975,17.42175,352.38625,353.60125,0.1276950043155001,0.004670079745263154,46.18414355364385,973.7731193976501,0.013235933698561728,0.013818858438456545,-22.02834024234694,-24.843510841836736
2006-07-26 18:00:00,7,26,18,115,10939.5,"1092,1046,204,129",356.16625,13.23675,-7.050000000000001,0.675,199.86521804748358,64513.6294234138,8.278207803327335,210.17601857547385,16.61175,352.95325,16408.0,211.53,56.521274491608416,15.57225,17.17875,352.53475000000003,353.37175,6.9729568356548555,0.4567263614109884,47.006641552699094,974.517319699891,0.013338640940432646,0.01387882415129214,-22.446787308673468,-25.256656568877553
2006-07-26 18:00:00,7,26,18,132,23339.25,"871,1299,140,179",352.68325,16.32825,-5.5200000000000005,-3.03,195.72460072880324,2166.284125943042,43.01561719103051,206.7158992824193,13.03425,356.00425,16619.0,218.14,6.914039286381496,12.46725,13.65525,355.12675,357.47575,37.662773407480344,4.641730577622648,52.281729470869884,976.4681570919191,0.013094995132818515,0.01601944550187612,-17.478914221938776,-18.636200573979593
2006-07-26 18:00:00,7,26,18,115,12422.25,"1092,1046,204,129",356.16625,13.23675,-7.050000000000001,0.675,212.4915738000681,64513.6294234138,0.004761489578973026,218.0237440990385,16.39575,353.16925000000003,16408.0,211.53,56.521274491608416,15.54525,17.20575,352.38625,353.41225000000003,1.692392616588343e-05,3.482033115258227e-05,47.670028501469496,973.9450600242615,0.013199324282456418,0.013573371044987318,-20.91669323979592,-22.911910076530614
2006-07-26 18:00:00,7,26,18,132,27031.5,"871,1299,140,179",352.68325,16.32825,-5.5200000000000005,-3.03,194.76448007896067,2166.284125943042,43.40990354062262,206.1161860664194,13.62825,355.41025,16619.0,218.14,6.914039286381496,12.37275,13.65525,355.12675,357.46225000000004,38.823241728381255,4.726036523346527,50.23141023735274,979.4143353880669,0.01203103384421188,0.014104325419329867,-17.360132334183675,-19.622927295918366
2006-07-26 18:00:00,7,26,18,142,5926.5,"746,972,124,149",350.84725000000003,12.03525,-9.945,-8.040000000000001,203.5760001344907,1960.239024838036,0.708528214380818,212.9191066597601,11.73825,351.38725,9576.0,214.07,9.65455786402566,10.99575,11.75175,351.11725,351.95425,0.5273946834744602,0.024452519684676346,47.23979457652177,970.6264052834803,0.013080857504083186,0.015253747927443105,-10.441804846938776,-15.423429528061224
2006-07-26 18:00:00,7,26,18,126,6603.75,"853,788,89,68",352.15675,10.17225,-25.785000000000004,-8.850000000000001,201.42867432114812,2322.8299952869484,0.12536618339110553,212.4639606488696,12.305250000000001,350.64475,3583.0,227.79,10.071297111266292,11.52225,12.72375,349.91575,350.64475,0.06731699938048075,0.0027384876438544693,48.07886809822432,969.430235592005,0.012233240929033076,0.015333209148779208,-10.772600446428571,-13.71711575255102
2006-07-26 18:00:00,7,26,18,132,7515.0,"871,1299,140,179",352.68325,16.32825,-5.5200000000000005,-3.03,195.37771461433806,2166.284125943042,44.47818899244607,203.86528053361536,13.54725,356.20675,16619.0,218.14,6.914039286381496,12.92625,13.65525,355.66675000000004,356.78725000000003,42.585510453193535,7.0953961854358685,50.36702064430922,975.6730868983756,0.01137676589875197,0.015502760034738754,-14.906449298469388,-17.789580676020407
2006-07-26 18:00:00,7,26,18,132,5654.25,"871,1299,140,179",352.68325,16.32825,-5.5200000000000005,-3.03,201.45796319419787,2166.284125943042,1.4307544812666622,211.21842862162487,13.196250000000001,356.90875,16619.0,218.14,6.914039286381496,12.75075,13.53375,356.63875,357.47575,1.4264750109042874,0.07365163929432424,53.267710619369936,980.1419851645646,0.012825200486243988,0.015587957899029158,-16.746492346938776,-17.191924426020407
2006-07-26 18:00:00,7,26,18,115,19557.0,"1092,1046,204,129",356.16625,13.23675,-7.050000000000001,0.675,200.29594524200323,64513.6294234138,5.438282033854894,210.2156760814439,16.84125,353.02075,16408.0,211.53,56.521274491608416,15.42375,17.50275,352.38625,353.56075,3.3570642624408533,0.12776590442515934,46.08604461707297,973.0420549238945,0.013184678740799427,0.013759524143319957,-21.683872767857142,-24.557517538265305
2006-07-26 18:00:00,7,26,18,132,18796.5,"871,1299,140,179",352.68325,16.32825,-5.5200000000000005,-3.03,203.48037148962976,2166.284125943042,15.98274163221557,214.9828367832825,13.65525,355.12675,16619.0,218.14,6.914039286381496,12.02175,13.65525,355.12675,356.24725,11.427899244934638,0.7967816996587398,50.93216139782478,980.5414677536245,0.012274712324142456,0.014308178379219405,-17.79296875,-20.169044961734695
2006-07-26 19:00:00,7,26,19,115,6484.5,"1063,1062,234,158",355.89625,13.27725,-7.11,1.6949999999999998,197.470832926318,97082.01320322594,3.2925350936670523,206.03397267235184,14.35725,354.04675000000003,23789.0,211.33,87.86958828762972,14.35725,15.15375,353.52025000000003,354.34375,2.8481260362150227,0.33047315466798616,49.73924049767644,980.4363535441183,0.01158910444272416,0.01485365237660554,-15.113639987244898,-19.11555325255102
2006-07-26 19:00:00,7,26,19,132,41402.25,"806,1370,261,246",352.72375,16.66575,-2.685,-4.08,195.39476828117333,4585.829058386425,49.46822474209916,208.84252019046497,13.62825,355.18075,28564.0,222.9,18.299027230168257,12.19725,14.41125,355.18075,357.09775,28.232769615108555,1.6899826595713543,50.82591758189835,980.4187785337408,0.0122037230401623,0.014301417737591023,-17.710658482142858,-20.131776147959183
2006-07-26 19:00:00,7,26,19,142,5494.5,"724,1015,177,219",350.83375,11.98125,-19.71,-3.78,198.69789172309453,9473.024139079382,27.150037791172867,208.87672247813677,11.87325,351.77875,18267.0,219.39,27.93894853043912,11.21175,12.17025,351.46825,352.12975,19.367547220425784,0.8339683329797221,47.66037679007398,970.8366050883701,0.012884465179273061,0.015555212654325426,-10.149872448979592,-15.58641581632653
2006-07-26 19:00:00,7,26,19,115,14172.75,"1063,1062,234,158",355.89625,13.27725,-7.11,1.6949999999999998,212.4915738000681,97082.01320322594,0.061794817969628386,217.97442287005134,16.39575,353.16925000000003,23789.0,211.33,87.86958828762972,15.54525,17.20575,352.21075,353.41225000000003,0.01862141095121253,0.0006665204148381831,47.670028501469496,973.9450600242615,0.013199324282456418,0.013573371044987318,-20.91669323979592,-22.911910076530614
2006-07-26 19:00:00,7,26,19,142,9085.5,"724,1015,177,219",350.83375,11.98125,-19.71,-3.78,205.54725457360027,9473.024139079382,20.203556026080562,216.4005536249121,12.12975,351.31975,18267.0,219.39,27.93894853043912,10.806750000000001,12.17025,350.75275,351.73825,18.345531958804553,0.49478842838660136,47.14060358134569,966.5108936907321,0.012781987593946408,0.015632840709722772,-10.844148596938776,-16.420121173469386
2006-07-26 19:00:00,7,26,19,132,37496.25,"806,1370,261,246",352.72375,16.66575,-2.685,-4.08,198.81740819278724,4585.829058386425,24.858695588659693,210.8815701606909,13.80375,355.18075,28564.0,222.9,18.299027230168257,11.88675,14.41125,355.18075,356.89525000000003,16.22555280419382,0.8553078935241619,50.473076125911845,980.7802521217113,0.012252089092317892,0.013793710866296778,-17.600167410714285,-19.66374362244898
2006-07-26 19:00:00,7,26,19,154,7420.5,"1057,1116,66,75",354.69475,14.65425,-13.95,-0.27,196.16142560814944,1024.3933546830708,3.639296593465894,208.0372311063999,14.57325,354.18175,2424.0,220.95,3.521137989157258,14.27625,15.16725,354.06025,354.92425000000003,2.6059771658644246,0.15468559864609135,49.65528991577684,980.7274397129916,0.011351391064877413,0.014479969305043318,-13.52977519132653,-18.096938775510203
2006-07-26 19:00:00,7,26,19,154,9657.0,"1057,1116,66,75",354.69475,14.65425,-13.95,-0.27,196.97641508042096,1024.3933546830708,0.6523066266817723,208.98751547991267,14.28975,354.08725000000004,2424.0,220.95,3.521137989157258,14.27625,15.16725,354.06025,355.07275,0.21438128780183122,0.009688961392511993,49.82811702184019,980.412877877683,0.011607465049137875,0.01495524925388852,-15.354392538265307,-19.459582270408163
2006-07-26 19:00:00,7,26,19,142,11110.5,"724,1015,177,219",350.83375,11.98125,-19.71,-3.78,200.2252522162636,9473.024139079382,0.729481448659742,211.80550528130365,12.15675,351.75175,18267.0,219.39,27.93894853043912,10.99575,12.17025,350.75275,351.95425,0.5823266244890777,0.024901967194698726,48.09229350701987,969.4522705957841,0.013083729968995464,0.0157854879198938,-11.637755102040817,-16.591757015306122
2006-07-26 19:00:00,7,26,19,132,28467.0,"806,1370,261,246",352.72375,16.66575,-2.685,-4.08,195.72460072880324,4585.829058386425,48.11592286025641,206.5259988822096,13.03425,356.00425,28564.0,222.9,18.299027230168257,12.46725,14.07375,355.18075,357.47575,35.70812403711438,3.825636809251349,52.281729470869884,976.4681570919191,0.013094995132818515,0.01601944550187612,-17.478914221938776,-18.636200573979593
2006-07-26 19:00:00,7,26,19,115,24135.75,"1063,1062,234,158",355.89625,13.27725,-7.11,1.6949999999999998,205.51810692807823,97082.01320322594,0.6777721063768003,213.2764250693216,16.81425,352.96675,23789.0,211.33,87.86958828762972,15.63975,17.42175,352.21075,353.60125,0.43837626358488263,0.012852790742402448,46.18414355364385,973.7731193976501,0.013235933698561728,0.013818858438456545,-22.02834024234694,-24.843510841836736
2006-07-26 19:00:00,7,26,19,132,37298.25,"806,1370,261,246",352.72375,16.66575,-2.685,-4.08,194.76448007896067,4585.829058386425,50.563275382997716,206.6927320409168,13.62825,355.41025,28564.0,222.9,18.299027230168257,12.37275,14.30325,355.18075,357.46225000000004,36.146973506720485,3.1022425381646324,50.23141023735274,979.4143353880669,0.01203103384421188,0.014104325419329867,-17.360132334183675,-19.622927295918366
2006-07-26 19:00:00,7,26,19,115,10939.5,"1063,1062,234,158",355.89625,13.27725,-7.11,1.6949999999999998,199.86521804748358,97082.01320322594,7.816921764958454,210.17601857547388,16.61175,352.95325,23789.0,211.33,87.86958828762972,15.57225,17.17875,352.53475000000003,353.37175,5.71245583537176,0.4444984220673234,47.006641552699094,974.517319699891,0.013338640940432646,0.01387882415129214,-22.446787308673468,-25.256656568877553
2006-07-26 19:00:00,7,26,19,142,6826.5,"724,1015,177,219",350.83375,11.98125,-19.71,-3.78,203.27105084117846,9473.024139079382,0.001003721823255266,213.71302142209157,12.07575,351.63025,18267.0,219.39,27.93894853043912,11.72475,12.17025,350.75275,352.73725,0.0003553519897893017,1.5402564732625554e-05,47.64577862861272,969.4209861519871,0.013005796534826562,0.01559988836928898,-11.229791135204081,-16.433514030612244
2006-07-26 19:00:00,7,26,19,115,10253.25,"1063,1062,234,158",355.89625,13.27725,-7.11,1.6949999999999998,198.21794809004345,97082.01320322594,2.7008769851904315,210.27977797319372,14.35725,354.33025000000004,23789.0,211.33,87.86958828762972,14.35725,15.31575,353.12875,354.34375,2.2176701078999175,0.08856508680414807,49.777657214539715,980.6225465488433,0.011366539197612782,0.014494716855032104,-14.633569834183673,-19.072704081632654
2006-07-26 19:00:00,7,26,19,132,27405.0,"806,1370,261,246",352.72375,16.66575,-2.685,-4.08,202.54516835389802,4585.829058386425,26.61161628899739,213.72861908313027,13.97925,355.18075,28564.0,222.9,18.299027230168257,12.02175,14.41125,355.18075,356.26075000000003,19.952401217278965,1.2532829060376889,50.121962846604866,980.957786462161,0.012080174889795634,0.01345231045721745,-17.118104272959183,-19.242307079081634
2006-07-26 19:00:00,7,26,19,132,7845.75,"806,1370,261,246",352.72375,16.66575,-2.685,-4.08,205.84040314508843,4585.829058386425,11.124110981387473,215.53789623167688,14.28975,356.84125,28564.0,222.9,18.299027230168257,13.81725,14.41125,356.49025,358.02925,8.798618909158515,0.5283258197985206,49.687913271181124,974.926366921444,0.01198983074603032,0.014601564605017098,-14.453882334183673,-16.076969068877553
2006-07-26 19:00:00,7,26,19,154,8714.25,"1057,1116,66,75",354.69475,14.65425,-13.95,-0.27,195.87061208835402,1024.3933546830708,26.886835229515235,209.18003332917385,14.27625,354.26275,2424.0,220.95,3.521137989157258,14.27625,15.16725,354.06025,355.07275,23.814202041349937,1.1008001782358077,49.83993003356546,980.5366780794882,0.011551375728936828,0.014722703233817401,-15.126953125,-19.401466836734695
2006-07-26 19:00:00,7,26,19,132,8853.75,"806,1370,261,246",352.72375,16.66575,-2.685,-4.08,195.37771461433806,4585.829058386425,45.258910315005885,204.50386319890478,13.54725,356.20675,28564.0,222.9,18.299027230168257,12.92625,13.84425,355.66675000000004,356.78725000000003,35.73648391934845,5.519511779028947,50.36702064430922,975.6730868983756,0.01137676589875197,0.015502760034738754,-14.906449298469388,-17.789580676020407
2006-07-26 19:00:00,7,26,19,132,5654.25,"806,1370,261,246",352.72375,16.66575,-2.685,-4.08,201.45796319419787,4585.829058386425,3.5592931328773556,211.21842862162492,13.196250000000001,356.90875,28564.0,222.9,18.299027230168257,12.75075,13.53375,356.63875,357.47575,2.599503604664904,0.11397331205339468,53.267710619369936,980.1419851645646,0.012825200486243988,0.015587957899029158,-16.746492346938776,-17.191924426020407
2006-07-26 19:00:00,7,26,19,115,21690.0,"1063,1062,234,158",355.89625,13.27725,-7.11,1.6949999999999998,200.29594524200323,97082.01320322594,7.963820266617138,210.70337580569506,16.84125,353.02075,23789.0,211.33,87.86958828762972,15.42375,17.50275,352.21075,353.56075,3.4733421842683407,0.20908903243896146,46.08604461707297,973.0420549238945,0.013184678740799427,0.013759524143319957,-21.683872767857142,-24.557517538265305
2006-07-26 19:00:00,7,26,19,132,7285.5,"806,1370,261,246",352.72375,16.66575,-2.685,-4.08,204.0826449297896,4585.829058386425,10.561751834892183,214.6673047076531,14.22225,357.00325000000004,28564.0,222.9,18.299027230168257,13.93875,14.41125,356.63875,358.46125,9.13632267658965,1.230888905640609,50.783912131490794,979.1740089572204,0.011904132419398852,0.014772691155726813,-14.624123086734693,-16.322225765306122
2006-07-26 20:00:00,7,26,20,132,34506.0,"788,1376,268,277",352.50775,16.55775,-4.0200000000000005,-2.13,198.40242037362052,1496.6014413284602,29.23486915400422,211.72477305216924,13.992750000000001,354.85675000000003,27341.0,228.44,6.165072212612834,12.02175,14.26275,354.84325,356.26075000000003,15.873124390083053,1.065632532433447,50.51603175493897,980.7494889835435,0.012150696478784084,0.01383176394643224,-17.079280931122447,-19.813058035714285
2006-07-26 20:00:00,7,26,20,115,22666.5,"1021,1130,269,268",355.36975,13.38525,-4.665,0.5249999999999999,195.156318513525,110096.0149351978,51.580354550514706,207.17635645516674,14.04675,354.64075,40430.0,213.04,69.95363891300515,13.79025,15.34275,353.52025000000003,355.26175,28.632034417284135,1.7067958662985843,50.423994454697585,980.6292227902705,0.011906648092732137,0.014239650029613048,-16.448142538265305,-20.196069834183675
2006-07-26 20:00:00,7,26,20,142,13551.75,"689,987,245,197",350.75275,11.79225,-23.34,-6.42,199.86632076366706,5745.0536520179785,4.155638265183907,211.26941599596452,12.34575,351.68425,21738.0,221.94,9.597927873390404,10.99575,12.50775,350.67175000000003,351.95425,2.3304475694635314,0.10017022041833867,48.372602143924325,966.4413666353419,0.013149585916983838,0.01611780958744336,-12.00031887755102,-17.169403698979593
2006-07-26 20:00:00,7,26,20,132,48053.25,"788,1376,268,277",352.50775,16.55775,-4.0200000000000005,-2.13,194.87068897172676,1496.6014413284602,58.39100427020158,207.4160807279666,12.87225,354.93775,27341.0,228.44,6.165072212612834,12.19725,14.26275,354.84325,357.09775,27.12717965248453,2.320311971064916,52.256973059746436,977.5381750013389,0.012964983869876181,0.01607485045203749,-17.73309948979592,-21.015664859693878
2006-07-26 20:00:00,7,26,20,142,12699.0,"689,987,245,197",350.75275,11.79225,-23.34,-6.42,202.51242099920384,5745.0536520179785,2.045306689093003,212.83663839477092,12.399750000000001,351.75175,21738.0,221.94,9.597927873390404,11.72475,12.61575,350.73925,352.79125,1.19762704106413,0.04090292392756729,48.768379417915796,966.7618287510772,0.013214557868789653,0.0162322038062373,-12.407246492346939,-17.33689413265306
2006-07-26 20:00:00,7,26,20,142,11214.0,"689,987,245,197",350.75275,11.79225,-23.34,-6.42,205.54725457360027,5745.0536520179785,21.544929232731267,216.17969066881128,12.12975,351.31975,21738.0,221.94,9.597927873390404,10.806750000000001,12.41325,350.67175000000003,351.73825,14.646696721399056,0.40845261168413666,47.14060358134569,966.5108936907321,0.012781987593946408,0.015632840709722772,-10.844148596938776,-16.420121173469386
2006-07-26 20:00:00,7,26,20,132,45956.25,"788,1376,268,277",352.50775,16.55775,-4.0200000000000005,-2.13,195.1484911599925,1496.6014413284602,27.387812086430717,209.35142414801214,12.96675,354.87025,27341.0,228.44,6.165072212612834,11.88675,14.26275,354.84325,356.89525000000003,16.19025649523529,0.9832287125644265,52.083718391885775,978.1664612199824,0.012810849014441577,0.01606020762832189,-17.9859693877551,-21.390146683673468
2006-07-26 20:00:00,7,26,20,115,31371.75,"1021,1130,269,268",355.36975,13.38525,-4.665,0.5249999999999999,194.8573444219422,110096.0149351978,38.3694739019861,207.2249151917846,13.89825,354.24925,40430.0,213.04,69.95363891300515,13.79025,15.59925,353.12875,355.26175,30.463166667226762,1.7549170665478946,50.63678033485568,980.1837926300204,0.011953032860646442,0.01547874856208052,-17.81967474489796,-22.12336575255102
2006-07-26 20:00:00,7,26,20,115,13527.0,"1021,1130,269,268",355.36975,13.38525,-4.665,0.5249999999999999,196.16142560814944,110096.0149351978,32.38349663177914,208.8885607800723,14.57325,354.18175,40430.0,213.04,69.95363891300515,13.79025,15.20775,353.95225,355.26175,29.232406169815764,1.4595510971479024,49.65528991577684,980.7274397129916,0.011351391064877413,0.014479969305043318,-13.52977519132653,-18.096938775510203
2006-07-26 20:00:00,7,26,20,132,5287.5,"788,1376,268,277",352.50775,16.55775,-4.0200000000000005,-2.13,205.8701000977721,1496.6014413284602,24.233120265872305,215.14840642170267,14.26275,356.82775000000004,27341.0,228.44,6.165072212612834,13.81725,14.26275,356.50375,357.85375,15.665484727331739,0.8865636511642202,49.77690661882983,975.3524033217526,0.011925410422287425,0.014641231420088788,-14.394929846938776,-16.093949298469386
2006-07-26 20:00:00,7,26,20,132,5654.25,"788,1376,268,277",352.50775,16.55775,-4.0200000000000005,-2.13,201.45796319419787,1496.6014413284602,1.5380964143277416,211.21842862162492,13.196250000000001,356.90875,27341.0,228.44,6.165072212612834,12.75075,13.53375,356.63875,357.47575,1.3613085051555909,0.07011335742087549,53.267710619369936,980.1419851645646,0.012825200486243988,0.015587957899029158,-16.746492346938776,-17.191924426020407
2006-07-26 20:00:00,7,26,20,132,29785.5,"788,1376,268,277",352.50775,16.55775,-4.0200000000000005,-2.13,195.72460072880324,1496.6014413284602,39.628962549552156,206.78062165418743,13.03425,356.00425,27341.0,228.44,6.165072212612834,12.46725,14.07375,354.84325,357.47575,35.762706242345935,3.53295670640585,52.281729470869884,976.4681570919191,0.013094995132818515,0.01601944550187612,-17.478914221938776,-18.636200573979593
2006-07-26 20:00:00,7,26,20,115,21701.25,"1021,1130,269,268",355.36975,13.38525,-4.665,0.5249999999999999,200.29594524200323,110096.0149351978,9.425622669323243,210.7467646544999,16.84125,353.02075,40430.0,213.04,69.95363891300515,15.42375,17.42175,352.17025,353.56075,7.525448475503819,0.332730343856977,46.08604461707297,973.0420549238945,0.013184678740799427,0.013759524143319957,-21.683872767857142,-24.557517538265305
2006-07-26 20:00:00,7,26,20,115,18450.0,"1021,1130,269,268",355.36975,13.38525,-4.665,0.5249999999999999,212.4915738000681,110096.0149351978,2.03272357904076,218.0252666804862,16.39575,353.16925000000003,40430.0,213.04,69.95363891300515,15.54525,17.34075,351.64375,353.41225000000003,1.056778155578438,0.0353468108349751,47.670028501469496,973.9450600242615,0.013199324282456418,0.013573371044987318,-20.91669323979592,-22.911910076530614
2006-07-26 20:00:00,7,26,20,142,8007.75,"689,987,245,197",350.75275,11.79225,-23.34,-6.42,197.6097008705152,5745.0536520179785,11.279476424581006,210.89852730770377,12.31875,350.92825,21738.0,221.94,9.597927873390404,11.02275,12.61575,350.67175000000003,351.57625,9.67924674741196,0.3735460681012652,48.157556695021874,968.3882806569703,0.012445258413802604,0.015697415100828727,-10.880739795918368,-15.334582270408163
2006-07-26 20:00:00,7,26,20,142,5503.5,"689,987,245,197",350.75275,11.79225,-23.34,-6.42,198.69789172309453,5745.0536520179785,27.692453129355137,208.89945735514343,11.87325,351.77875,21738.0,221.94,9.597927873390404,11.21175,12.18375,351.46825,352.12975,16.942829975064654,0.7746205744838258,47.66037679007398,970.8366050883701,0.012884465179273061,0.015555212654325426,-10.149872448979592,-15.58641581632653
2006-07-26 20:00:00,7,26,20,132,41910.75,"788,1376,268,277",352.50775,16.55775,-4.0200000000000005,-2.13,194.76448007896067,1496.6014413284602,59.8557800679377,206.6402676973624,13.62825,355.41025,27341.0,228.44,6.165072212612834,12.37275,14.26275,354.84325,357.46225000000004,45.31855183955348,4.772714772644039,50.23141023735274,979.4143353880669,0.01203103384421188,0.014104325419329867,-17.360132334183675,-19.622927295918366
2006-07-26 20:00:00,7,26,20,142,5267.25,"689,987,245,197",350.75275,11.79225,-23.34,-6.42,196.09219974417252,5745.0536520179785,15.603709844486175,205.70525963640617,11.94075,351.07675,21738.0,221.94,9.597927873390404,11.37375,12.11625,350.67175000000003,351.40075,14.338187931480487,2.0766388532456315,47.18438355788165,969.7582403848609,0.012656714919270302,0.015332558667477297,-9.644252232142858,-14.690489477040817
2006-07-26 20:00:00,7,26,20,115,10939.5,"1021,1130,269,268",355.36975,13.38525,-4.665,0.5249999999999999,199.86521804748358,110096.0149351978,7.816921764958454,210.17601857547382,16.61175,352.95325,40430.0,213.04,69.95363891300515,15.57225,17.17875,352.53475000000003,353.37175,5.71245583537176,0.44449842206732343,47.006641552699094,974.517319699891,0.013338640940432646,0.01387882415129214,-22.446787308673468,-25.256656568877553
2006-07-26 20:00:00,7,26,20,115,28071.0,"1021,1130,269,268",355.36975,13.38525,-4.665,0.5249999999999999,205.51810692807823,110096.0149351978,5.152598423537226,213.6549228671949,16.81425,352.96675,40430.0,213.04,69.95363891300515,15.63975,17.42175,351.84625,353.60125,3.0820122647443204,0.10845775131321786,46.18414355364385,973.7731193976501,0.013235933698561728,0.013818858438456545,-22.02834024234694,-24.843510841836736
2006-07-26 20:00:00,7,26,20,132,8853.75,"788,1376,268,277",352.50775,16.55775,-4.0200000000000005,-2.13,195.37771461433806,1496.6014413284602,46.86481776226712,204.50386319890478,13.54725,356.20675,27341.0,228.44,6.165072212612834,12.92625,13.84425,355.66675000000004,356.78725000000003,39.30069235500383,5.846071024733553,50.36702064430922,975.6730868983756,0.01137676589875197,0.015502760034738754,-14.906449298469388,-17.789580676020407
2006-07-26 20:00:00,7,26,20,142,10257.75,"689,987,245,197",350.75275,11.79225,-23.34,-6.42,197.3053648880499,5745.0536520179785,7.801524254189868,207.3874172709775,12.27825,351.46825,21738.0,221.94,9.597927873390404,11.18475,12.61575,350.67175000000003,351.68425,2.9079108039419164,0.23402059430055414,47.46500960632498,964.3583662700652,0.012931495125652576,0.015916632146251445,-11.321667729591837,-17.0277024872449
2006-07-26 21:00:00,7,26,21,115,10939.5,"986,1176,392,325",355.58575,13.60125,-2.235,-0.495,199.86521804748358,136228.1920654691,6.931263334135285,210.17601857547385,16.61175,352.95325,62330.0,214.69,58.71549672303178,15.57225,17.17875,352.53475000000003,353.37175,5.686862435020107,0.41822617827964964,47.006641552699094,974.517319699891,0.013338640940432646,0.01387882415129214,-22.446787308673468,-25.256656568877553
2006-07-26 21:00:00,7,26,21,115,28071.0,"986,1176,392,325",355.58575,13.60125,-2.235,-0.495,205.51810692807823,136228.1920654691,5.369325279951942,213.6549228671949,16.81425,352.96675,62330.0,214.69,58.71549672303178,15.63975,17.42175,351.84625,353.60125,3.2201030671077135,0.1087719677501386,46.18414355364385,973.7731193976501,0.013235933698561728,0.013818858438456545,-22.02834024234694,-24.843510841836736
2006-07-26 21:00:00,7,26,21,132,19638.0,"911,1253,70,139",352.88575000000003,16.15275,-3.705,-8.58,199.24379068169407,5.7679762885194383e-08,24.190417896495408,211.93194149869367,13.25025,355.07275,4622.0,231.61,1.2179321563031915e-10,12.305250000000001,13.25025,355.04575,356.89525000000003,19.262194292777277,1.9841480943096534,52.068521096714974,979.3121635956667,0.012617795975232611,0.015640173506523882,-18.096261160714285,-21.245615433673468
2006-07-26 21:00:00,7,26,21,115,39730.5,"986,1176,392,325",355.58575,13.60125,-2.235,-0.495,195.156318513525,136228.1920654691,49.30270259684046,205.69011086219137,14.04675,354.64075,62330.0,214.69,58.71549672303178,13.31775,15.34275,353.52025000000003,355.88275,36.23218888209886,2.6590678613382495,50.423994454697585,980.6292227902705,0.011906648092732137,0.014239650029613048,-16.448142538265305,-20.196069834183675
2006-07-26 21:00:00,7,26,21,142,11308.5,"700,939,265,150",351.17125,11.77875,-16.575000000000003,-0.135,205.54725457360027,9548.953741209758,25.82599223477405,216.21846681962361,12.12975,351.31975,17440.0,223.97,73.8201876141939,10.806750000000001,12.41325,350.65825,351.73825,14.744075469263379,0.4543174324635535,47.14060358134569,966.5108936907321,0.012781987593946408,0.015632840709722772,-10.844148596938776,-16.420121173469386
2006-07-26 21:00:00,7,26,21,115,8223.75,"986,1176,392,325",355.58575,13.60125,-2.235,-0.495,206.19746278849527,136228.1920654691,6.48502768486615,213.75770101234016,17.62425,353.53375,62330.0,214.69,58.71549672303178,17.40825,18.24525,353.07475,354.37075,5.242514568863318,0.406167718897441,44.07038739551334,976.1492896002168,0.01259089325915794,0.012830908790382803,-18.277104591836736,-20.54755261479592
2006-07-26 21:00:00,7,26,21,142,12487.5,"700,939,265,150",351.17125,11.77875,-16.575000000000003,-0.135,197.3053648880499,9548.953741209758,7.505912561749408,208.012475431273,12.27825,351.46825,17440.0,223.97,73.8201876141939,11.18475,13.03425,350.65825,351.68425,4.317844266420317,0.19943363427651709,47.46500960632498,964.3583662700652,0.012931495125652576,0.015916632146251445,-11.321667729591837,-17.0277024872449
2006-07-26 21:00:00,7,26,21,115,21845.25,"986,1176,392,325",355.58575,13.60125,-2.235,-0.495,200.29594524200323,136228.1920654691,9.253290726068592,210.76912620955932,16.84125,353.02075,62330.0,214.69,58.71549672303178,15.42375,17.50275,352.17025,353.56075,5.646668479142712,0.2802250860383398,46.08604461707297,973.0420549238945,0.013184678740799427,0.013759524143319957,-21.683872767857142,-24.557517538265305
2006-07-26 21:00:00,7,26,21,132,11873.25,"911,1253,70,139",352.88575000000003,16.15275,-3.705,-8.58,195.72460072880324,5.7679762885194383e-08,42.060497630863544,207.1593485017378,13.03425,356.00425,4622.0,231.61,1.2179321563031915e-10,12.46725,13.25025,355.04575,356.92225,39.37775107749261,8.172749756366674,52.281729470869884,976.4681570919191,0.013094995132818515,0.01601944550187612,-17.478914221938776,-18.636200573979593
2006-07-26 21:00:00,7,26,21,132,12854.25,"911,1253,70,139",352.88575000000003,16.15275,-3.705,-8.58,205.61597070941326,5.7679762885194383e-08,21.204884420235715,215.18276341608876,13.14225,355.05925,4622.0,231.61,1.2179321563031915e-10,12.305250000000001,13.25025,355.04575,356.24725,8.89175239608399,1.34220055931738,52.25539585898232,978.9132066475615,0.012681039088234609,0.015889166911341707,-18.041613520408163,-21.279536033163264
2006-07-26 21:00:00,7,26,21,142,5350.5,"700,939,265,150",351.17125,11.77875,-16.575000000000003,-0.135,196.09219974417252,9548.953741209758,14.537964917627466,205.7686194350221,11.94075,351.07675,17440.0,223.97,73.8201876141939,11.37375,12.11625,350.65825,351.40075,14.320898805372288,2.0988106160222326,47.18438355788165,969.7582403848609,0.012656714919270302,0.015332558667477297,-9.644252232142858,-14.690489477040817
2006-07-26 21:00:00,7,26,21,142,12730.5,"700,939,265,150",351.17125,11.77875,-16.575000000000003,-0.135,202.51242099920384,9548.953741209758,0.3804606789294703,212.84058354868236,12.399750000000001,351.75175,17440.0,223.97,73.8201876141939,11.72475,12.80475,350.73925,352.68325,0.21940115433982277,0.014660695684310766,48.768379417915796,966.7618287510772,0.013214557868789653,0.0162322038062373,-12.407246492346939,-17.33689413265306
2006-07-26 21:00:00,7,26,21,142,5503.5,"700,939,265,150",351.17125,11.77875,-16.575000000000003,-0.135,198.69789172309453,9548.953741209758,19.84346199535173,208.89945735514343,11.87325,351.77875,17440.0,223.97,73.8201876141939,11.21175,12.18375,351.46825,352.12975,16.975384598276968,0.9751865786512894,47.66037679007398,970.8366050883701,0.012884465179273061,0.015555212654325426,-10.149872448979592,-15.58641581632653
2006-07-26 21:00:00,7,26,21,142,8579.25,"700,939,265,150",351.17125,11.77875,-16.575000000000003,-0.135,197.6097008705152,9548.953741209758,17.268812718958884,211.11153286877297,12.31875,350.92825,17440.0,223.97,73.8201876141939,11.02275,12.81825,350.65825,351.57625,6.481958786878877,0.30605935114163807,48.157556695021874,968.3882806569703,0.012445258413802604,0.015697415100828727,-10.880739795918368,-15.334582270408163
2006-07-26 21:00:00,7,26,21,166,7467.75,"1033,1270,68,69",354.45175,16.63875,-4.29,-6.42,201.71901459071827,0.5510945534057428,2.4157541842005603,210.9570702830461,14.68125,356.54425000000003,3236.0,221.76,0.049101741559983,13.95225,14.87025,356.42275,357.15175,2.226111949851064,0.393557158831149,46.65636448857904,961.9677934191179,0.012430026233956521,0.013793136430334071,-15.637236926020408,-16.143415178571427
2006-07-26 21:00:00,7,26,21,115,18483.75,"986,1176,392,325",355.58575,13.60125,-2.235,-0.495,212.4915738000681,136228.1920654691,7.1792427428292624,218.03007944650278,16.39575,353.16925000000003,62330.0,214.69,58.71549672303178,15.54525,17.34075,351.61675,353.41225000000003,1.9010018769124482,0.07447247864590219,47.670028501469496,973.9450600242615,0.013199324282456418,0.013573371044987318,-20.91669323979592,-22.911910076530614
2006-07-26 21:00:00,7,26,21,115,9731.25,"986,1176,392,325",355.58575,13.60125,-2.235,-0.495,194.76448007896067,136228.1920654691,55.46326557647672,204.22175655068196,13.62825,355.41025,62330.0,214.69,58.71549672303178,13.31775,14.26275,354.70825,355.88275,52.757398035772894,7.836820045675776,50.23141023735274,979.4143353880669,0.01203103384421188,0.014104325419329867,-17.360132334183675,-19.622927295918366
2006-07-26 21:00:00,7,26,21,115,10764.0,"986,1176,392,325",355.58575,13.60125,-2.235,-0.495,211.20313577510836,136228.1920654691,1.8668112434539386,216.94418864433695,17.66475,353.69575000000003,62330.0,214.69,58.71549672303178,17.17875,18.31275,352.95325,354.27625,0.9666409011785918,0.04448054822197776,44.47688075798882,976.4197028132847,0.012626682047028931,0.012805612263630847,-17.912189094387756,-19.82095025510204
2006-07-26 21:00:00,7,26,21,115,57647.25,"986,1176,392,325",355.58575,13.60125,-2.235,-0.495,194.45766575297296,136228.1920654691,43.592082518926894,207.68312138932112,13.72275,354.33025000000004,62330.0,214.69,58.71549672303178,13.31775,16.03125,353.12875,355.88275,30.372678916541094,2.3205285467593315,51.13637461159236,980.1592918512772,0.012322448916277108,0.01565691771707973,-18.860172193877553,-22.862125318877553
2006-07-26 21:00:00,7,26,21,132,20310.75,"911,1253,70,139",352.88575000000003,16.15275,-3.705,-8.58,196.28475360653303,5.7679762885194383e-08,62.824583227549525,207.70877586089486,13.23675,355.18075,4622.0,231.61,1.2179321563031915e-10,12.305250000000001,13.25025,355.04575,356.92225,33.460587586657745,3.8433078040408257,51.93243855719584,978.9360107229194,0.012552112797085119,0.01555004181834508,-17.882772640306122,-20.94072863520408
2006-07-26 21:00:00,7,26,21,115,27022.5,"986,1176,392,325",355.58575,13.60125,-2.235,-0.495,195.02394408842846,136228.1920654691,40.85517103136378,206.01198473038065,13.62825,355.09975000000003,62330.0,214.69,58.71549672303178,13.31775,15.20775,353.95225,355.88275,34.262689332564946,2.766111502875031,51.05425116957791,980.4942176445163,0.012300020672989135,0.014432785709445574,-17.869260204081634,-20.322146045918366
2006-07-26 21:00:00,7,26,21,142,13646.25,"700,939,265,150",351.17125,11.77875,-16.575000000000003,-0.135,199.86632076366706,9548.953741209758,5.0869219446187675,211.26529022582193,12.34575,351.68425,17440.0,223.97,73.8201876141939,10.99575,12.50775,350.65825,351.95425,3.1898079711977037,0.1428035142710966,48.372602143924325,966.4413666353419,0.013149585916983838,0.01611780958744336,-12.00031887755102,-17.169403698979593
2006-07-26 21:00:00,7,26,21,132,16472.25,"911,1253,70,139",352.88575000000003,16.15275,-3.705,-8.58,196.88319675965596,5.7679762885194383e-08,54.433491907845394,206.03417119518207,12.95325,355.72075,4622.0,231.61,1.2179321563031915e-10,12.37275,13.25025,355.04575,356.92225,43.064508276627215,6.690939973557152,51.9085602448065,973.9880723797545,0.013240527399644559,0.01582216294672416,-17.589046556122447,-19.137954400510203
2006-07-26 22:00:00,7,26,22,115,10939.5,"957,1293,429,443",355.32925,13.81725,-4.59,-0.21,199.86521804748358,159198.20434371824,7.168001176737559,210.17601857547385,16.61175,352.95325,81981.0,216.73,100.67449464725163,15.57225,17.17875,352.53475000000003,353.37175,6.303165993019777,0.41504186930821835,47.006641552699094,974.517319699891,0.013338640940432646,0.01387882415129214,-22.446787308673468,-25.256656568877553
2006-07-26 22:00:00,7,26,22,166,9677.25,"1019,1281,79,78",354.34375,16.71975,-3.465,2.235,201.71901459071827,6.925400981267685e-06,2.389799514297888,212.28927061477512,14.68125,356.54425000000003,3377.0,229.91,2.62629727691497e-08,13.81725,14.82975,356.42275,357.30025,2.304438841043996,0.3701588733088944,46.65636448857904,961.9677934191179,0.012430026233956521,0.013793136430334071,-15.637236926020408,-16.143415178571427
2006-07-26 22:00:00,7,26,22,115,13227.75,"957,1293,429,443",355.32925,13.81725,-4.59,-0.21,201.71901459071827,159198.20434371824,26.357259888815502,213.27244831086924,14.68125,356.54425000000003,81981.0,216.73,100.67449464725163,13.81725,15.04575,356.42275,357.46225000000004,7.221717322249926,0.6863092865315313,46.65636448857904,961.9677934191179,0.012430026233956521,0.013793136430334071,-15.637236926020408,-16.143415178571427
2006-07-26 22:00:00,7,26,22,142,13041.0,"721,956,234,257",351.04975,11.48175,-16.65,-2.325,202.51242099920384,12010.86917877271,0.7819878844572887,212.90533526120075,12.399750000000001,351.75175,18431.0,224.48,43.29022382604366,11.72475,12.80475,350.73925,352.79125,0.5968133464563706,0.02438495675056956,48.768379417915796,966.7618287510772,0.013214557868789653,0.0162322038062373,-12.407246492346939,-17.33689413265306
2006-07-26 22:00:00,7,26,22,115,76428.0,"957,1293,429,443",355.32925,13.81725,-4.59,-0.21,194.45766575297296,159198.20434371824,65.35204651997199,208.182660363194,13.72275,354.33025000000004,81981.0,216.73,100.67449464725163,12.92625,16.03125,353.12875,356.26075000000003,39.26601865696858,3.2264887472258565,51.13637461159236,980.1592918512772,0.012322448916277108,0.01565691771707973,-18.860172193877553,-22.862125318877553
2006-07-26 22:00:00,7,26,22,142,5940.0,"721,956,234,257",351.04975,11.48175,-16.65,-2.325,196.09219974417252,12010.86917877271,13.93387186383571,206.5859400304514,11.94075,351.07675,18431.0,224.48,43.29022382604366,11.37375,12.11625,350.49625000000003,351.40075,13.662441733908082,1.8676627316360779,47.18438355788165,969.7582403848609,0.012656714919270302,0.015332558667477297,-9.644252232142858,-14.690489477040817
2006-07-26 22:00:00,7,26,22,142,5503.5,"721,956,234,257",351.04975,11.48175,-16.65,-2.325,198.69789172309453,12010.86917877271,21.457812467825462,208.89945735514345,11.87325,351.77875,18431.0,224.48,43.29022382604366,11.21175,12.18375,351.46825,352.12975,18.09432774039384,0.9180364000508148,47.66037679007398,970.8366050883701,0.012884465179273061,0.015555212654325426,-10.149872448979592,-15.58641581632653
2006-07-26 22:00:00,7,26,22,115,21845.25,"957,1293,429,443",355.32925,13.81725,-4.59,-0.21,200.29594524200323,159198.20434371824,9.385815305739728,210.76912620955937,16.84125,353.02075,81981.0,216.73,100.67449464725163,15.42375,17.50275,352.17025,353.56075,7.4327086392995465,0.315792240448457,46.08604461707297,973.0420549238945,0.013184678740799427,0.013759524143319957,-21.683872767857142,-24.557517538265305
2006-07-26 22:00:00,7,26,22,115,34490.25,"957,1293,429,443",355.32925,13.81725,-4.59,-0.21,194.76448007896067,159198.20434371824,54.438415486356185,206.38460402362216,13.62825,355.41025,81981.0,216.73,100.67449464725163,12.92625,14.30325,354.45175,357.46225000000004,37.9067130127832,2.882510181889016,50.23141023735274,979.4143353880669,0.01203103384421188,0.014104325419329867,-17.360132334183675,-19.622927295918366
2006-07-26 22:00:00,7,26,22,115,18483.75,"957,1293,429,443",355.32925,13.81725,-4.59,-0.21,212.4915738000681,159198.20434371824,2.9383547915929515,218.03007944650278,16.39575,353.16925000000003,81981.0,216.73,100.67449464725163,15.54525,17.34075,351.61675,353.41225000000003,0.9488929939271852,0.038345288489586765,47.670028501469496,973.9450600242615,0.013199324282456418,0.013573371044987318,-20.91669323979592,-22.911910076530614
2006-07-26 22:00:00,7,26,22,115,10764.0,"957,1293,429,443",355.32925,13.81725,-4.59,-0.21,211.20313577510836,159198.20434371824,1.7067429455717582,216.94418864433695,17.66475,353.69575000000003,81981.0,216.73,100.67449464725163,17.17875,18.31275,352.95325,354.27625,0.9139314909016895,0.04288657835158277,44.47688075798882,976.4197028132847,0.012626682047028931,0.012805612263630847,-17.912189094387756,-19.82095025510204
2006-07-26 22:00:00,7,26,22,132,7339.5,"940,1198,31,101",352.89925,15.59925,-9.12,-2.49,196.88319675965596,0.0,47.89852165885338,202.65361959683565,12.95325,355.72075,1207.0,234.71,0.0,12.69675,13.11525,354.81625,356.17975,43.32427010982477,15.260966643240298,51.9085602448065,973.9880723797545,0.013240527399644559,0.01582216294672416,-17.589046556122447,-19.137954400510203
2006-07-26 22:00:00,7,26,22,132,5386.5,"940,1198,31,101",352.89925,15.59925,-9.12,-2.49,195.72460072880324,0.0,44.93972771003309,206.50571420630277,13.03425,356.00425,1207.0,234.71,0.0,12.69675,13.11525,354.82975,356.17975,44.57692392369108,12.073271532551827,52.281729470869884,976.4681570919191,0.013094995132818515,0.01601944550187612,-17.478914221938776,-18.636200573979593
2006-07-26 22:00:00,7,26,22,142,18708.75,"721,956,234,257",351.04975,11.48175,-16.65,-2.325,199.86632076366706,12010.86917877271,4.5006441348715995,212.13964037173682,12.34575,351.68425,18431.0,224.48,43.29022382604366,10.99575,12.54825,349.92925,351.95425,2.259331983871406,0.09347703825470739,48.372602143924325,966.4413666353419,0.013149585916983838,0.01611780958744336,-12.00031887755102,-17.169403698979593
2006-07-26 22:00:00,7,26,22,115,52692.75,"957,1293,429,443",355.32925,13.81725,-4.59,-0.21,195.02394408842846,159198.20434371824,49.45482310868798,207.95944885150075,13.62825,355.09975000000003,81981.0,216.73,100.67449464725163,12.92625,15.20775,353.95225,357.09775,35.129189974793654,2.2443893940457587,51.05425116957791,980.4942176445163,0.012300020672989135,0.014432785709445574,-17.869260204081634,-20.322146045918366
2006-07-26 22:00:00,7,26,22,115,8853.75,"957,1293,429,443",355.32925,13.81725,-4.59,-0.21,195.37771461433806,159198.20434371824,54.21295953314769,204.50386319890478,13.54725,356.20675,81981.0,216.73,100.67449464725163,12.92625,13.84425,355.66675000000004,356.78725000000003,44.246134563965065,6.433097570805693,50.36702064430922,975.6730868983756,0.01137676589875197,0.015502760034738754,-14.906449298469388,-17.789580676020407
2006-07-26 22:00:00,7,26,22,115,8223.75,"957,1293,429,443",355.32925,13.81725,-4.59,-0.21,206.19746278849527,159198.20434371824,5.761352649363838,213.75770101234016,17.62425,353.53375,81981.0,216.73,100.67449464725163,17.40825,18.24525,353.07475,354.37075,5.683570074750144,0.3934332650441915,44.07038739551334,976.1492896002168,0.01259089325915794,0.012830908790382803,-18.277104591836736,-20.54755261479592
2006-07-26 22:00:00,7,26,22,115,24961.5,"957,1293,429,443",355.32925,13.81725,-4.59,-0.21,195.72460072880324,159198.20434371824,42.975990897388954,205.10242757055323,13.03425,356.00425,81981.0,216.73,100.67449464725163,12.92625,14.07375,354.82975,357.46225000000004,30.368923046078727,2.8437847803361134,52.281729470869884,976.4681570919191,0.013094995132818515,0.01601944550187612,-17.478914221938776,-18.636200573979593
2006-07-26 22:00:00,7,26,22,142,15950.25,"721,956,234,257",351.04975,11.48175,-16.65,-2.325,197.3053648880499,12010.86917877271,10.80762650000484,208.17021732771525,12.27825,351.46825,18431.0,224.48,43.29022382604366,11.18475,12.89925,350.19925,351.68425,4.515356066919144,0.21734191648379672,47.46500960632498,964.3583662700652,0.012931495125652576,0.015916632146251445,-11.321667729591837,-17.0277024872449
2006-07-26 22:00:00,7,26,22,142,18875.25,"721,956,234,257",351.04975,11.48175,-16.65,-2.325,197.6097008705152,12010.86917877271,14.12978819694414,211.9222682132813,12.31875,350.92825,18431.0,224.48,43.29022382604366,11.00925,12.89925,349.91575,351.57625,3.4983104651503503,0.1513855465637565,48.157556695021874,968.3882806569703,0.012445258413802604,0.015697415100828727,-10.880739795918368,-15.334582270408163
2006-07-26 22:00:00,7,26,22,166,5148.0,"1019,1281,79,78",354.34375,16.71975,-3.465,2.235,203.31634240854146,6.925400981267685e-06,17.984504000649558,212.41945566752798,14.47875,357.12475,3377.0,229.91,2.62629727691497e-08,13.95225,14.82975,356.63875,357.30025,14.618996869674316,2.460728885795961,49.90107495084965,976.4491331073214,0.012343002160136797,0.01436478486854811,-15.297233737244898,-16.546037946428573
2006-07-26 22:00:00,7,26,22,142,12024.0,"721,956,234,257",351.04975,11.48175,-16.65,-2.325,205.54725457360027,12010.86917877271,25.991853054288626,216.37088622777117,12.12975,351.31975,18431.0,224.48,43.29022382604366,10.806750000000001,12.41325,350.38825,351.73825,18.66889779917666,0.5039212552460098,47.14060358134569,966.5108936907321,0.012781987593946408,0.015632840709722772,-10.844148596938776,-16.420121173469386
2006-07-26 22:00:00,7,26,22,115,58842.0,"957,1293,429,443",355.32925,13.81725,-4.59,-0.21,195.1484911599925,159198.20434371824,54.65691808071311,206.45612079899533,12.96675,354.87025,81981.0,216.73,100.67449464725163,12.92625,15.34275,353.52025000000003,356.78725000000003,40.52891243380666,2.999389847710793,52.083718391885775,978.1664612199824,0.012810849014441577,0.01606020762832189,-17.9859693877551,-21.390146683673468
2006-07-26 22:00:00,7,26,22,115,6882.75,"957,1293,429,443",355.32925,13.81725,-4.59,-0.21,203.31634240854146,159198.20434371824,12.233860560289752,212.56208762512517,14.47875,357.12475,81981.0,216.73,100.67449464725163,13.95225,14.96475,356.63875,357.46225000000004,12.197528462693985,1.732695275852568,49.90107495084965,976.4491331073214,0.012343002160136797,0.01436478486854811,-15.297233737244898,-16.546037946428573
2006-07-26 22:00:00,7,26,22,115,28071.0,"957,1293,429,443",355.32925,13.81725,-4.59,-0.21,205.51810692807823,159198.20434371824,5.786169796208063,213.6549228671949,16.81425,352.96675,81981.0,216.73,100.67449464725163,15.63975,17.42175,351.84625,353.60125,4.060340456327371,0.11727749210764665,46.18414355364385,973.7731193976501,0.013235933698561728,0.013818858438456545,-22.02834024234694,-24.843510841836736
2006-07-26 22:00:00,7,26,22,132,7168.5,"940,1198,31,101",352.89925,15.59925,-9.12,-2.49,199.0593676219157,0.0,5.254391779546003,212.32282164406098,12.95325,354.81625,1207.0,234.71,0.0,12.69675,13.11525,354.81625,356.17975,5.047854708052485,1.3850300292038908,51.99434473941307,978.0572857418839,0.01281483277526437,0.016061316776488508,-17.99577487244898,-21.424944196428573
