time,sim_day,month,day,hour,storm_id,core_lat,core_lon
2006-07-26 17:00:00,1,7,26,17,73,11.83275,350.50975
2006-07-26 17:00:00,1,7,26,17,73,11.91375,350.57725
2006-07-26 17:00:00,1,7,26,17,73,11.98125,350.79325
2006-07-26 17:00:00,1,7,26,17,73,12.48075,350.88775
2006-07-26 17:00:00,1,7,26,17,73,12.494250000000001,350.73925
2006-07-26 17:00:00,1,7,26,17,73,12.80475,351.31975
2006-07-26 17:00:00,1,7,26,17,73,12.83175,350.91475
2006-07-26 17:00:00,1,7,26,17,73,12.93975,350.79325
2006-07-26 17:00:00,1,7,26,17,73,12.93975,351.33325
2006-07-27 17:00:00,1,7,27,17,107,14.74875,351.22525
2006-07-27 17:00:00,1,7,27,17,107,14.87025,351.69775
2006-07-27 17:00:00,1,7,27,17,107,14.93775,351.68425
2006-07-27 17:00:00,1,7,27,17,107,15.63975,348.03925000000004
2006-07-27 17:00:00,1,7,27,17,107,15.72075,349.53775
2006-07-27 17:00:00,1,7,27,17,107,15.89625,351.84625
2006-07-27 17:00:00,1,7,27,17,107,16.01775,351.84625
2006-07-27 17:00:00,1,7,27,17,107,16.15275,351.79225
2006-07-27 17:00:00,1,7,27,17,107,16.36875,348.33625
2006-07-27 17:00:00,1,7,27,17,107,16.44975,348.21475000000004
2006-07-27 17:00:00,1,7,27,17,107,16.55775,353.11525
2006-07-27 17:00:00,1,7,27,17,107,16.57125,352.38625
2006-07-27 17:00:00,1,7,27,17,107,17.88075,348.14725
2006-07-27 17:00:00,1,7,27,17,107,18.04275,348.20125
2006-07-27 17:00:00,1,7,27,17,107,18.23175,348.18775
2006-07-27 17:00:00,1,7,27,17,107,18.39375,348.25525
2006-07-27 17:00:00,1,7,27,17,107,18.42075,348.29575
2006-07-27 17:00:00,1,7,27,17,107,18.52875,348.61975
2006-07-27 17:00:00,1,7,27,17,107,18.59625,348.70075
2006-07-27 17:00:00,1,7,27,17,107,18.82575,349.21375
2006-07-27 17:00:00,1,7,27,17,116,9.98325,365.57575
2006-07-28 17:00:00,1,7,28,17,90,9.29475,360.68875
2006-07-28 17:00:00,1,7,28,17,90,9.48375,357.21925
2006-07-28 17:00:00,1,7,28,17,90,9.79425,357.05725
2006-07-28 17:00:00,1,7,28,17,90,9.821250000000001,356.97625
2006-07-28 17:00:00,1,7,28,17,90,10.52325,357.46225000000004
2006-07-28 17:00:00,1,7,28,17,90,10.60425,357.42175000000003
2006-07-28 17:00:00,1,7,28,17,90,10.96875,357.51625
2006-07-28 17:00:00,1,7,28,17,90,10.95525,357.65125
2006-07-28 17:00:00,1,7,28,17,90,11.57625,357.82675
2006-07-28 17:00:00,1,7,28,17,90,11.71125,358.12375000000003
2006-07-28 17:00:00,1,7,28,17,90,11.95425,357.93475
2006-07-28 17:00:00,1,7,28,17,90,11.98125,356.50375
2006-07-28 17:00:00,1,7,28,17,90,12.08925,357.90775
2006-07-28 17:00:00,1,7,28,17,90,12.42675,357.98875
2006-07-28 17:00:00,1,7,28,17,90,12.54825,358.12375000000003
2006-07-28 17:00:00,1,7,28,17,90,12.60225,357.23275
2006-07-28 17:00:00,1,7,28,17,90,13.15575,357.12475
2006-07-28 17:00:00,1,7,28,17,90,13.196250000000001,357.31375
2006-07-28 17:00:00,1,7,28,17,90,13.97925,358.55575
2006-07-28 17:00:00,1,7,28,17,90,14.03325,358.33975
2006-07-28 17:00:00,1,7,28,17,90,14.06025,358.54225
2006-07-28 17:00:00,1,7,28,17,90,14.11425,359.24425
2006-07-28 17:00:00,1,7,28,17,90,14.24925,358.66375
2006-07-28 17:00:00,1,7,28,17,114,9.29475,360.68875
2006-07-28 17:00:00,1,7,28,17,116,10.60425,375.71425
2006-07-28 17:00:00,1,7,28,17,116,10.617750000000001,375.79525
2006-07-28 17:00:00,1,7,28,17,116,10.88775,374.55325
2006-07-28 17:00:00,1,7,28,17,116,11.03625,374.67475
2006-07-28 17:00:00,1,7,28,17,116,11.17125,375.68725
2006-07-28 17:00:00,1,7,28,17,116,11.40075,374.90425
2006-07-28 17:00:00,1,7,28,17,116,11.508750000000001,374.90425
2006-07-28 17:00:00,1,7,28,17,116,11.64375,374.85025
2006-07-28 17:00:00,1,7,28,17,116,12.11625,377.49625000000003
2006-07-28 17:00:00,1,7,28,17,116,12.19725,375.12025
2006-07-28 17:00:00,1,7,28,17,116,12.34575,377.44225
2006-07-28 17:00:00,1,7,28,17,116,12.399750000000001,376.56475
2006-07-29 17:00:00,1,7,29,17,125,10.68525,371.47525
2006-07-29 17:00:00,1,7,29,17,120,15.14025,360.56725
2006-07-29 17:00:00,1,7,29,17,120,15.28875,360.39175
2006-07-29 17:00:00,1,7,29,17,120,15.55875,360.97225000000003
2006-07-29 17:00:00,1,7,29,17,120,15.58575,359.95975
2006-07-29 17:00:00,1,7,29,17,120,15.58575,359.74375000000003
2006-07-29 17:00:00,1,7,29,17,120,15.63975,360.99925
2006-07-29 17:00:00,1,7,29,17,120,15.97725,360.47275
2006-07-29 17:00:00,1,7,29,17,124,10.79325,351.85975
2006-07-29 17:00:00,1,7,29,17,124,12.31875,353.29075
2006-07-29 17:00:00,1,7,29,17,124,12.34575,352.83175
2006-07-29 17:00:00,1,7,29,17,124,12.46725,355.03225000000003
2006-07-29 17:00:00,1,7,29,17,124,12.65625,353.29075
2006-07-29 17:00:00,1,7,29,17,124,12.84525,353.72275
2006-07-29 17:00:00,1,7,29,17,124,12.98025,355.07275
2006-07-29 17:00:00,1,7,29,17,124,13.07475,353.10175000000004
2006-07-30 17:00:00,1,7,30,17,134,13.11525,377.25325
2006-07-30 17:00:00,1,7,30,17,134,13.16925,377.06425
2006-07-30 17:00:00,1,7,30,17,134,13.14225,377.41525
2006-07-30 17:00:00,1,7,30,17,134,13.20975,377.14525000000003
2006-07-30 17:00:00,1,7,30,17,135,11.84625,353.52025000000003
2006-07-30 17:00:00,1,7,30,17,135,11.90025,353.45275000000004
2006-07-30 17:00:00,1,7,30,17,135,11.94075,353.53375
2006-07-30 17:00:00,1,7,30,17,135,11.96775,353.87125000000003
2006-07-30 17:00:00,1,7,30,17,135,12.18375,353.27725000000004
2006-07-30 17:00:00,1,7,30,17,135,12.27825,353.29075
2006-07-30 17:00:00,1,7,30,17,135,12.27825,353.72275
2006-07-30 17:00:00,1,7,30,17,135,12.35925,353.70925
2006-07-30 17:00:00,1,7,30,17,135,12.79125,353.62825000000004
2006-07-30 17:00:00,1,7,30,17,133,10.21275,372.24475
2006-07-30 17:00:00,1,7,30,17,120,12.76425,353.50675
2006-07-30 17:00:00,1,7,30,17,120,12.79125,353.58775
2006-07-30 17:00:00,1,7,30,17,120,12.87225,352.83175
2006-07-30 17:00:00,1,7,30,17,120,13.25025,350.48275
2006-07-30 17:00:00,1,7,30,17,120,13.54725,350.61775
2006-07-30 17:00:00,1,7,30,17,120,13.65525,350.53675
2006-07-30 17:00:00,1,7,30,17,120,14.85675,350.95525000000004
2006-07-30 17:00:00,1,7,30,17,120,15.47775,351.45475
2006-07-30 17:00:00,1,7,30,17,120,15.59925,351.41425000000004
2006-07-30 17:00:00,1,7,30,17,120,15.78825,351.42775
2006-07-30 17:00:00,1,7,30,17,120,16.00425,351.40075
2006-07-31 17:00:00,1,7,31,17,138,9.57825,361.21525
2006-07-31 17:00:00,1,7,31,17,138,9.67275,361.13425
2006-07-31 17:00:00,1,7,31,17,138,10.44225,361.08025000000004
2006-07-31 17:00:00,1,7,31,17,138,11.46825,360.14875
2006-07-31 17:00:00,1,7,31,17,138,12.00825,360.39175
2006-07-31 17:00:00,1,7,31,17,138,12.79125,359.75725
2006-07-31 17:00:00,1,7,31,17,138,12.81825,359.83825
2006-07-31 17:00:00,1,7,31,17,138,12.88575,359.79775
2006-07-31 17:00:00,1,7,31,17,138,13.07475,359.95975
2006-07-31 17:00:00,1,7,31,17,138,13.20975,360.45925
2006-07-31 17:00:00,1,7,31,17,138,13.20975,360.63475
2006-07-31 17:00:00,1,7,31,17,138,13.290750000000001,360.27025000000003
2006-07-31 17:00:00,1,7,31,17,138,13.27725,360.44575000000003
2006-07-31 17:00:00,1,7,31,17,138,13.41225,360.31075
2006-07-31 17:00:00,1,7,31,17,138,13.66875,360.09475000000003
2006-07-31 17:00:00,1,7,31,17,138,13.65525,360.54025
2006-07-31 17:00:00,1,7,31,17,138,13.81725,360.21625
2006-07-31 17:00:00,1,7,31,17,138,13.79025,360.40525
2006-07-31 17:00:00,1,7,31,17,138,13.87125,360.08125
2006-07-31 17:00:00,1,7,31,17,138,13.95225,360.00025
2006-07-31 17:00:00,1,7,31,17,138,14.33025,360.02725
2006-07-31 17:00:00,1,7,31,17,138,14.41125,360.44575000000003
2006-07-31 17:00:00,1,7,31,17,138,14.46525,360.10825
2006-07-31 17:00:00,1,7,31,17,138,14.47875,360.21625
2006-07-31 17:00:00,1,7,31,17,138,14.65425,360.35125
2006-07-31 17:00:00,1,7,31,17,154,17.15175,366.97975
2006-07-31 17:00:00,1,7,31,17,154,17.40825,366.72325
2006-07-31 17:00:00,1,7,31,17,154,17.62425,366.61525
2006-07-31 17:00:00,1,7,31,17,17,9.25425,376.20025
2006-07-31 17:00:00,1,7,31,17,17,9.47025,375.94375
2006-07-31 17:00:00,1,7,31,17,17,9.49725,376.17325
2006-07-31 17:00:00,1,7,31,17,17,9.90225,375.98425000000003
2006-08-01 17:00:00,1,8,1,17,16,10.64475,351.71125
2006-08-01 17:00:00,1,8,1,17,16,10.72575,351.36025
2006-08-01 17:00:00,1,8,1,17,16,11.42775,351.21175
2006-08-01 17:00:00,1,8,1,17,16,11.45475,350.98225
2006-08-01 17:00:00,1,8,1,17,16,11.53575,351.14425
2006-08-01 17:00:00,1,8,1,17,16,11.85975,351.25225
2006-08-01 17:00:00,1,8,1,17,16,11.91375,351.11725
2006-08-01 17:00:00,1,8,1,17,16,12.02175,351.22525
2006-08-01 17:00:00,1,8,1,17,16,12.15675,351.22525
2006-08-01 17:00:00,1,8,1,17,16,13.04775,351.69775
2006-08-01 17:00:00,1,8,1,17,16,13.18275,351.68425
2006-08-01 17:00:00,1,8,1,17,16,13.31775,351.63025
2006-08-01 17:00:00,1,8,1,17,16,13.35825,351.84625
2006-08-01 17:00:00,1,8,1,17,16,13.50675,351.79225
2006-08-01 17:00:00,1,8,1,17,16,13.73625,351.98125
2006-08-01 17:00:00,1,8,1,17,16,13.76325,352.03525
2006-08-01 17:00:00,1,8,1,17,16,13.80375,351.94075000000004
2006-08-01 17:00:00,1,8,1,17,16,13.81725,352.15675
2006-08-01 17:00:00,1,8,1,17,16,14.55975,352.08925
2006-08-02 17:00:00,1,8,2,17,31,9.36225,362.67325
2006-08-02 17:00:00,1,8,2,17,31,9.79425,362.53825
2006-08-02 17:00:00,1,8,2,17,31,9.87525,361.84975000000003
2006-08-02 17:00:00,1,8,2,17,31,9.86175,362.55175
2006-08-02 17:00:00,1,8,2,17,31,10.03725,361.86325
2006-08-02 17:00:00,1,8,2,17,31,10.11825,361.90375
2006-08-02 17:00:00,1,8,2,17,31,10.22625,361.84975000000003
2006-08-02 17:00:00,1,8,2,17,31,10.32075,361.86325
2006-08-02 17:00:00,1,8,2,17,31,10.92825,361.66075
2006-08-02 17:00:00,1,8,2,17,31,11.03625,371.24575
2006-08-02 17:00:00,1,8,2,17,31,11.04975,361.63375
2006-08-02 17:00:00,1,8,2,17,31,11.13075,371.24575
2006-08-02 17:00:00,1,8,2,17,31,11.22525,370.53025
2006-08-02 17:00:00,1,8,2,17,31,11.58975,362.87575000000004
2006-08-02 17:00:00,1,8,2,17,31,11.71125,362.64625
2006-08-02 17:00:00,1,8,2,17,31,12.25125,371.89375
2006-08-02 17:00:00,1,8,2,17,31,12.60225,377.53675
2006-08-02 17:00:00,1,8,2,17,31,12.62925,377.34775
2006-08-02 17:00:00,1,8,2,17,31,12.80475,377.25325
2006-08-02 17:00:00,1,8,2,17,31,12.91275,370.92175000000003
2006-08-02 17:00:00,1,8,2,17,31,12.85875,360.71575
2006-08-02 17:00:00,1,8,2,17,31,12.92625,371.79925000000003
2006-08-02 17:00:00,1,8,2,17,31,12.95325,360.87775
2006-08-02 17:00:00,1,8,2,17,31,13.11525,377.14525000000003
2006-08-02 17:00:00,1,8,2,17,31,13.37175,377.64475
2006-08-03 17:00:00,1,8,3,17,122,9.71325,373.47325
2006-08-03 17:00:00,1,8,3,17,122,11.27925,373.06825000000003
2006-08-03 17:00:00,1,8,3,17,122,11.38725,373.33825
2006-08-03 17:00:00,1,8,3,17,122,11.44125,373.52725
2006-08-03 17:00:00,1,8,3,17,122,11.54925,373.25725
2006-08-03 17:00:00,1,8,3,17,122,11.67075,373.55425
2006-08-03 17:00:00,1,8,3,17,122,11.85975,373.29775
2006-08-03 17:00:00,1,8,3,17,122,11.98125,371.09725000000003
2006-08-03 17:00:00,1,8,3,17,122,12.14325,373.20325
2006-08-03 17:00:00,1,8,3,17,122,12.25125,373.24375000000003
2006-08-03 17:00:00,1,8,3,17,122,12.27825,373.41925000000003
2006-08-03 17:00:00,1,8,3,17,122,12.33225,373.52725
2006-08-03 17:00:00,1,8,3,17,122,12.399750000000001,373.70275000000004
2006-08-03 17:00:00,1,8,3,17,122,12.68325,373.37875
2006-08-03 17:00:00,1,8,3,17,122,12.76425,373.25725
2006-08-03 17:00:00,1,8,3,17,122,12.79125,373.37875
2006-08-03 17:00:00,1,8,3,17,122,12.84525,373.21675
2006-08-03 17:00:00,1,8,3,17,122,13.95225,372.40675
2006-08-03 17:00:00,1,8,3,17,122,13.97925,372.13675
2006-08-03 17:00:00,1,8,3,17,122,14.087250000000001,371.73175000000003
2006-08-03 17:00:00,1,8,3,17,122,14.14125,371.47525
2006-08-03 17:00:00,1,8,3,17,122,14.19525,371.55625000000003
2006-08-03 17:00:00,1,8,3,17,122,14.22225,371.71825
2006-08-03 17:00:00,1,8,3,17,122,14.35725,371.39425
2006-08-03 17:00:00,1,8,3,17,122,14.49225,371.47525
2006-08-03 17:00:00,1,8,3,17,122,14.95125,373.90525
2006-08-03 17:00:00,1,8,3,17,122,15.19425,371.23225
2006-08-03 17:00:00,1,8,3,17,132,9.84825,360.27025000000003
2006-08-03 17:00:00,1,8,3,17,132,10.26675,359.59525
2006-08-04 17:00:00,1,8,4,17,16,9.25425,365.77825
2006-08-04 17:00:00,1,8,4,17,16,9.308250000000001,365.99425
2006-08-04 17:00:00,1,8,4,17,16,9.47025,365.40025
2006-08-04 17:00:00,1,8,4,17,16,9.821250000000001,364.72525
2006-08-04 17:00:00,1,8,4,17,16,9.87525,364.46875
2006-08-04 17:00:00,1,8,4,17,112,17.35425,366.60175000000004
2006-08-04 17:00:00,1,8,4,17,112,17.32725,366.81775
2006-08-04 17:00:00,1,8,4,17,112,17.35425,366.45325
2006-08-04 17:00:00,1,8,4,17,112,17.43525,366.38575000000003
2006-08-04 17:00:00,1,8,4,17,112,17.63775,365.92675
2006-08-05 17:00:00,1,8,5,17,76,10.010250000000001,356.28775
2006-08-05 17:00:00,1,8,5,17,76,10.13175,356.23375
2006-08-05 17:00:00,1,8,5,17,76,10.82025,356.98975
2006-08-05 17:00:00,1,8,5,17,76,10.901250000000001,356.96275
2006-08-05 17:00:00,1,8,5,17,76,10.95525,356.50375
2006-08-05 17:00:00,1,8,5,17,76,11.13075,356.47675000000004
2006-08-05 17:00:00,1,8,5,17,76,12.38625,357.50275
2006-08-05 17:00:00,1,8,5,17,76,12.494250000000001,357.75925
2006-08-05 17:00:00,1,8,5,17,76,12.79125,357.46225000000004
2006-08-05 17:00:00,1,8,5,17,76,13.06125,355.42375
2006-08-05 17:00:00,1,8,5,17,178,13.06125,355.42375
2006-08-05 17:00:00,1,8,5,17,178,13.42575,355.62625
2006-08-05 17:00:00,1,8,5,17,178,13.58775,355.78825
2006-08-05 17:00:00,1,8,5,17,178,13.79025,355.89625
2006-08-05 17:00:00,1,8,5,17,178,13.95225,355.92325
2006-08-05 17:00:00,1,8,5,17,178,14.20875,356.04475
2006-08-05 17:00:00,1,8,5,17,178,14.65425,356.15275
2006-08-05 17:00:00,1,8,5,17,178,14.978250000000001,356.27425
2006-08-05 17:00:00,1,8,5,17,178,15.30225,356.40925
2006-08-05 17:00:00,1,8,5,17,178,15.81525,356.49025
2006-08-05 17:00:00,1,8,5,17,178,15.95025,356.46325
2006-08-06 17:00:00,1,8,6,17,134,12.73725,352.54825
2006-08-06 17:00:00,1,8,6,17,134,12.83175,352.35925000000003
2006-08-06 17:00:00,1,8,6,17,134,13.31775,352.35925000000003
2006-08-06 17:00:00,1,8,6,17,134,13.39875,352.49425
2006-08-06 17:00:00,1,8,6,17,134,15.50475,351.68425
2006-08-06 17:00:00,1,8,6,17,36,9.69975,361.83625
2006-08-06 17:00:00,1,8,6,17,36,9.80775,361.74175
2006-08-06 17:00:00,1,8,6,17,36,10.65825,362.63275
2006-08-06 17:00:00,1,8,6,17,36,10.806750000000001,362.05225
2006-08-06 17:00:00,1,8,6,17,126,11.73825,352.31875
2006-08-06 17:00:00,1,8,6,17,126,15.24825,351.95425
2006-08-06 17:00:00,1,8,6,17,142,12.50775,366.58825
2006-08-06 17:00:00,1,8,6,17,130,12.03525,373.14925
2006-08-06 17:00:00,1,8,6,17,130,12.08925,373.27075
2006-08-06 17:00:00,1,8,6,17,130,13.15575,372.19075
2006-08-06 17:00:00,1,8,6,17,130,13.35825,369.24775
2006-08-06 17:00:00,1,8,6,17,130,13.49325,369.32875
2006-08-06 17:00:00,1,8,6,17,130,13.50675,372.24475
2006-08-06 17:00:00,1,8,6,17,130,13.52025,372.35275
2006-08-06 17:00:00,1,8,6,17,130,13.73625,370.96225000000004
2006-08-06 17:00:00,1,8,6,17,130,13.76325,370.84075
2006-08-06 17:00:00,1,8,6,17,130,13.80375,371.94775
2006-08-06 17:00:00,1,8,6,17,130,13.92525,369.94975
2006-08-06 17:00:00,1,8,6,17,130,13.97925,370.89475
2006-08-06 17:00:00,1,8,6,17,130,13.97925,371.77225
2006-08-06 17:00:00,1,8,6,17,130,14.01975,369.89575
2006-08-06 17:00:00,1,8,6,17,130,14.14125,370.98925
2006-08-06 17:00:00,1,8,6,17,130,14.65425,371.27275000000003
2006-08-06 17:00:00,1,8,6,17,130,14.73525,371.29975
2006-08-06 17:00:00,1,8,6,17,130,14.84325,371.29975
2006-08-07 17:00:00,1,8,7,17,42,11.23875,358.17775
2006-08-07 17:00:00,1,8,7,17,42,11.83275,357.85375
2006-08-07 17:00:00,1,8,7,17,42,12.29175,357.79975
2006-08-07 17:00:00,1,8,7,17,42,13.26375,360.12175
2006-08-07 17:00:00,1,8,7,17,27,11.14425,369.74725
2006-08-07 17:00:00,1,8,7,17,27,11.17125,370.34125
2006-08-07 17:00:00,1,8,7,17,27,11.19825,371.47525
2006-08-07 17:00:00,1,8,7,17,27,11.25225,370.23325
2006-08-07 17:00:00,1,8,7,17,27,11.27925,371.44825000000003
2006-08-07 17:00:00,1,8,7,17,27,11.30625,371.19175
2006-08-07 17:00:00,1,8,7,17,27,11.84625,369.74725
2006-08-07 17:00:00,1,8,7,17,27,12.27825,370.93525
2006-08-07 17:00:00,1,8,7,17,27,15.08625,370.84075
2006-08-07 17:00:00,1,8,7,17,116,11.99475,365.71075
2006-08-07 17:00:00,1,8,7,17,116,12.22425,365.65675
2006-08-07 17:00:00,1,8,7,17,116,13.52025,365.46775
2006-08-07 17:00:00,1,8,7,17,116,13.68225,365.52175
2006-08-07 17:00:00,1,8,7,17,116,13.68225,365.30575
2006-08-07 17:00:00,1,8,7,17,116,13.76325,365.41375
2006-08-07 17:00:00,1,8,7,17,116,13.87125,365.57575
2006-08-07 17:00:00,1,8,7,17,116,13.85775,365.38675
2006-08-07 17:00:00,1,8,7,17,116,14.00625,365.76475
2006-08-07 17:00:00,1,8,7,17,116,14.11425,365.68375000000003
2006-08-07 17:00:00,1,8,7,17,116,14.46525,366.16975
2006-08-07 17:00:00,1,8,7,17,116,14.51925,366.11575
2006-08-07 17:00:00,1,8,7,17,116,14.55975,366.57475
2006-08-07 17:00:00,1,8,7,17,116,14.68125,366.54775
2006-08-07 17:00:00,1,8,7,17,116,14.789250000000001,366.41275
2006-08-07 17:00:00,1,8,7,17,116,15.00525,366.60175000000004
2006-08-08 17:00:00,1,8,8,17,28,10.77975,373.20325
2006-08-08 17:00:00,1,8,8,17,28,10.79325,372.81175
2006-08-08 17:00:00,1,8,8,17,28,11.14425,373.37875
2006-08-08 17:00:00,1,8,8,17,28,11.15775,373.54075
2006-08-08 17:00:00,1,8,8,17,28,11.30625,372.60925000000003
2006-08-08 17:00:00,1,8,8,17,28,11.46825,373.13575000000003
2006-08-08 17:00:00,1,8,8,17,28,11.46825,372.78475000000003
2006-08-08 17:00:00,1,8,8,17,28,11.65725,373.00075000000004
2006-08-08 17:00:00,1,8,8,17,28,11.91375,372.97375
2006-08-08 17:00:00,1,8,8,17,18,10.09125,363.76675
2006-08-08 17:00:00,1,8,8,17,18,10.22625,363.68575
2006-08-08 17:00:00,1,8,8,17,18,10.25325,363.45625
2006-08-08 17:00:00,1,8,8,17,18,10.33425,363.92875000000004
2006-08-08 17:00:00,1,8,8,17,18,10.37475,359.40625
2006-08-08 17:00:00,1,8,8,17,18,10.44225,359.20375
2006-08-08 17:00:00,1,8,8,17,18,10.84725,358.86625000000004
2006-08-08 17:00:00,1,8,8,17,18,11.11725,358.78525
2006-08-08 17:00:00,1,8,8,17,18,11.14425,358.69075000000004
2006-08-08 17:00:00,1,8,8,17,18,11.18475,358.60975
2006-08-08 17:00:00,1,8,8,17,18,11.23875,358.47475000000003
2006-08-08 17:00:00,1,8,8,17,18,11.94075,357.98875
2006-08-08 17:00:00,1,8,8,17,18,12.03525,358.16425000000004
2006-08-08 17:00:00,1,8,8,17,18,12.56175,357.79975
2006-08-08 17:00:00,1,8,8,17,18,12.69675,357.58375
2006-08-08 17:00:00,1,8,8,17,18,13.84425,357.21925
2006-08-08 17:00:00,1,8,8,17,18,13.87125,357.38125
2006-08-08 17:00:00,1,8,8,17,18,13.95225,357.20575
2006-08-08 17:00:00,1,8,8,17,18,13.95225,357.88075000000003
2006-08-08 17:00:00,1,8,8,17,18,14.04675,357.00325000000004
2006-08-08 17:00:00,1,8,8,17,18,14.10075,357.74575
2006-08-08 17:00:00,1,8,8,17,18,14.12775,356.88175
2006-08-08 17:00:00,1,8,8,17,18,14.14125,357.20575
2006-08-08 17:00:00,1,8,8,17,18,14.22225,356.80075
2006-08-08 17:00:00,1,8,8,17,18,14.33025,356.86825
2006-08-09 17:00:00,1,8,9,17,28,9.94275,372.96025000000003
2006-08-09 17:00:00,1,8,9,17,28,11.31975,372.35275
2006-08-09 17:00:00,1,8,9,17,28,11.40075,372.62275
2006-08-09 17:00:00,1,8,9,17,28,11.48175,372.78475000000003
2006-08-09 17:00:00,1,8,9,17,28,11.87325,372.90625
2006-08-09 17:00:00,1,8,9,17,28,12.03525,372.71725000000004
2006-08-09 17:00:00,1,8,9,17,28,12.15675,372.64975000000004
2006-08-09 17:00:00,1,8,9,17,28,12.305250000000001,372.60925000000003
2006-08-09 17:00:00,1,8,9,17,28,12.53475,372.66325
2006-08-09 17:00:00,1,8,9,17,28,12.69675,372.63625
2006-08-09 17:00:00,1,8,9,17,28,14.27625,374.71525
2006-08-09 17:00:00,1,8,9,17,28,14.37075,374.66125
2006-08-09 17:00:00,1,8,9,17,28,14.42475,374.58025000000004
2006-08-09 17:00:00,1,8,9,17,13,9.98325,350.77975000000004
2006-08-09 17:00:00,1,8,9,17,13,10.30725,350.79325
2006-08-09 17:00:00,1,8,9,17,13,10.57725,350.75275
2006-08-09 17:00:00,1,8,9,17,13,10.59075,350.91475
2006-08-09 17:00:00,1,8,9,17,13,10.77975,350.91475
2006-08-09 17:00:00,1,8,9,17,122,9.65925,373.85125
2006-08-09 17:00:00,1,8,9,17,122,9.71325,373.93225
2006-08-10 17:00:00,1,8,10,17,131,10.806750000000001,357.25975
2006-08-10 17:00:00,1,8,10,17,114,9.308250000000001,352.95325
2006-08-10 17:00:00,1,8,10,17,114,9.95625,351.34675
2006-08-10 17:00:00,1,8,10,17,114,10.25325,354.41125
2006-08-10 17:00:00,1,8,10,17,114,10.50975,351.85975
2006-08-10 17:00:00,1,8,10,17,114,10.56375,352.34575
2006-08-10 17:00:00,1,8,10,17,114,10.64475,351.99475
2006-08-10 17:00:00,1,8,10,17,114,10.64475,352.50775
2006-08-10 17:00:00,1,8,10,17,114,10.64475,352.26475
2006-08-10 17:00:00,1,8,10,17,114,10.69875,352.07575
2006-08-10 17:00:00,1,8,10,17,114,10.72575,352.26475
2006-08-10 17:00:00,1,8,10,17,114,10.77975,352.62925
2006-08-10 17:00:00,1,8,10,17,114,10.99575,352.00825000000003
2006-08-10 17:00:00,1,8,10,17,114,11.06325,353.69575000000003
2006-08-10 17:00:00,1,8,10,17,114,11.10375,353.84425
2006-08-10 17:00:00,1,8,10,17,114,11.17125,350.88775
2006-08-10 17:00:00,1,8,10,17,114,11.31975,353.70925
2006-08-10 17:00:00,1,8,10,17,82,10.19925,374.14825
2006-08-10 17:00:00,1,8,10,17,82,10.53675,374.53975
2006-08-10 17:00:00,1,8,10,17,82,10.98225,374.64775000000003
2006-08-10 17:00:00,1,8,10,17,82,11.18475,374.76925
2006-08-10 17:00:00,1,8,10,17,82,12.33225,375.43075
2006-08-10 17:00:00,1,8,10,17,82,12.44025,375.48475
2006-08-10 17:00:00,1,8,10,17,82,12.68325,375.22825
2006-08-10 17:00:00,1,8,10,17,82,12.76425,375.09325
2006-08-10 17:00:00,1,8,10,17,82,12.80475,375.18775
2006-08-10 17:00:00,1,8,10,17,82,12.91275,375.79525
2006-08-10 17:00:00,1,8,10,17,132,14.37075,374.58025000000004
2006-08-10 17:00:00,1,8,10,17,132,14.55975,374.45875
2006-08-10 17:00:00,1,8,10,17,132,14.66775,374.45875
2006-08-10 17:00:00,1,8,10,17,132,14.883750000000001,374.44525
2006-08-10 17:00:00,1,8,10,17,132,14.99175,374.39125
2006-08-10 17:00:00,1,8,10,17,95,10.50975,366.35875
2006-08-10 17:00:00,1,8,10,17,95,10.82025,371.62375000000003
2006-08-10 17:00:00,1,8,10,17,95,11.80575,368.42425000000003
2006-08-10 17:00:00,1,8,10,17,95,11.90025,371.70475
2006-08-10 17:00:00,1,8,10,17,95,12.08925,371.63725
2006-08-10 17:00:00,1,8,10,17,95,12.27825,371.55625000000003
2006-08-10 17:00:00,1,8,10,17,95,12.41325,371.63725
2006-08-10 17:00:00,1,8,10,17,95,12.57525,371.63725
2006-08-10 17:00:00,1,8,10,17,95,12.64275,366.93925
2006-08-10 17:00:00,1,8,10,17,95,14.31675,374.60725
2006-08-10 17:00:00,1,8,10,17,95,14.28975,374.71525
2006-08-10 17:00:00,1,8,10,17,95,14.33025,374.67475
2006-08-10 17:00:00,1,8,10,17,95,14.54625,374.45875
2006-08-10 17:00:00,1,8,10,17,95,14.62725,374.33725000000004
2006-08-10 17:00:00,1,8,10,17,95,14.65425,374.44525
2006-08-10 17:00:00,1,8,10,17,95,14.93775,374.41825
2006-08-11 17:00:00,1,8,11,17,107,10.98225,350.10475
2006-08-11 17:00:00,1,8,11,17,107,11.10375,351.80575
2006-08-11 17:00:00,1,8,11,17,107,11.11725,350.18575
2006-08-11 17:00:00,1,8,11,17,107,11.45475,349.83475
2006-08-11 17:00:00,1,8,11,17,107,11.48175,349.92925
2006-08-11 17:00:00,1,8,11,17,107,12.31875,349.63225
2006-08-11 17:00:00,1,8,11,17,107,12.42675,349.68625000000003
2006-08-11 17:00:00,1,8,11,17,107,12.494250000000001,349.78075
2006-08-11 17:00:00,1,8,11,17,107,12.77775,349.51075000000003
2006-08-11 17:00:00,1,8,11,17,107,14.34375,350.18575
2006-08-11 17:00:00,1,8,11,17,107,14.43825,350.15875
2006-08-11 17:00:00,1,8,11,17,107,14.47875,350.10475
2006-08-11 17:00:00,1,8,11,17,133,11.96775,366.04825
2006-08-11 17:00:00,1,8,11,17,133,12.15675,365.56225
2006-08-11 17:00:00,1,8,11,17,133,12.26475,365.48125
2006-08-11 17:00:00,1,8,11,17,133,12.57525,365.41375
2006-08-11 17:00:00,1,8,11,17,133,13.08825,365.22475000000003
2006-08-11 17:00:00,1,8,11,17,133,13.290750000000001,365.29225
2006-08-11 17:00:00,1,8,11,17,133,13.43925,365.68375000000003
2006-08-11 17:00:00,1,8,11,17,133,13.58775,365.94025
2006-08-11 17:00:00,1,8,11,17,133,14.45175,366.23725
2006-08-11 17:00:00,1,8,11,17,133,14.55975,366.23725
2006-08-11 17:00:00,1,8,11,17,132,10.33425,357.81325000000004
2006-08-11 17:00:00,1,8,11,17,132,10.36125,357.69175
2006-08-11 17:00:00,1,8,11,17,132,11.15775,356.63875
2006-08-11 17:00:00,1,8,11,17,132,11.25225,356.44975
2006-08-11 17:00:00,1,8,11,17,132,11.37375,356.38225
2006-08-11 17:00:00,1,8,11,17,132,11.44125,356.09875
2006-08-11 17:00:00,1,8,11,17,132,11.48175,356.36875000000003
2006-08-11 17:00:00,1,8,11,17,132,13.03425,355.99075
2006-08-11 17:00:00,1,8,11,17,132,13.11525,355.93675
2006-08-11 17:00:00,1,8,11,17,132,13.18275,356.00425
2006-08-11 17:00:00,1,8,11,17,132,13.45275,356.19325000000003
2006-08-11 17:00:00,1,8,11,17,132,13.33125,356.07175
2006-08-12 17:00:00,1,8,12,17,28,9.87525,369.85525
2006-08-12 17:00:00,1,8,12,17,128,16.80075,367.39825
2006-08-12 17:00:00,1,8,12,17,128,17.08425,366.54775
2006-08-12 17:00:00,1,8,12,17,128,17.48925,366.54775
2006-08-12 17:00:00,1,8,12,17,116,11.04975,349.36225
2006-08-12 17:00:00,1,8,12,17,116,11.09025,349.17325
2006-08-12 17:00:00,1,8,12,17,115,10.21275,357.00325000000004
2006-08-12 17:00:00,1,8,12,17,115,10.617750000000001,357.04375
2006-08-12 17:00:00,1,8,12,17,115,10.76625,356.89525000000003
2006-08-12 17:00:00,1,8,12,17,115,11.00925,356.50375
2006-08-12 17:00:00,1,8,12,17,104,12.93975,354.30325
2006-08-12 17:00:00,1,8,12,17,104,13.15575,353.57425
2006-08-12 17:00:00,1,8,12,17,104,13.74975,352.68325
2006-08-12 17:00:00,1,8,12,17,104,13.81725,350.72575
2006-08-12 17:00:00,1,8,12,17,104,13.93875,350.71225000000004
2006-08-12 17:00:00,1,8,12,17,104,13.91175,352.33225
2006-08-12 17:00:00,1,8,12,17,104,13.91175,353.41225000000003
2006-08-12 17:00:00,1,8,12,17,104,13.992750000000001,351.30625000000003
2006-08-12 17:00:00,1,8,12,17,104,14.00625,350.07775000000004
2006-08-12 17:00:00,1,8,12,17,104,14.01975,352.38625
2006-08-12 17:00:00,1,8,12,17,104,14.04675,351.38725
2006-08-12 17:00:00,1,8,12,17,104,14.07375,350.11825
2006-08-12 17:00:00,1,8,12,17,104,14.15475,352.45375
2006-08-12 17:00:00,1,8,12,17,104,14.181750000000001,352.62925
2006-08-12 17:00:00,1,8,12,17,104,14.37075,350.87425
2006-08-12 17:00:00,1,8,12,17,104,14.99175,351.84625
2006-08-12 17:00:00,1,8,12,17,104,15.680250000000001,354.39775000000003
2006-08-12 17:00:00,1,8,12,17,104,15.85575,351.44125
2006-08-13 17:00:00,1,8,13,17,129,9.48375,376.13275
2006-08-14 17:00:00,1,8,14,17,105,12.66975,368.45125
2006-08-14 17:00:00,1,8,14,17,105,12.84525,368.91025
2006-08-14 17:00:00,1,8,14,17,105,13.14225,369.07225
2006-08-14 17:00:00,1,8,14,17,105,13.47975,369.45025
2006-08-14 17:00:00,1,8,14,17,139,11.57625,351.30625000000003
2006-08-14 17:00:00,1,8,14,17,139,12.38625,351.45475
2006-08-14 17:00:00,1,8,14,17,139,12.68325,350.95525000000004
2006-08-14 17:00:00,1,8,14,17,139,12.71025,351.00925
2006-08-14 17:00:00,1,8,14,17,139,13.196250000000001,350.90125
2006-08-14 17:00:00,1,8,14,17,139,13.22325,350.80675
2006-08-14 17:00:00,1,8,14,17,139,13.49325,351.41425000000004
2006-08-14 17:00:00,1,8,14,17,139,13.60125,351.38725
2006-08-14 17:00:00,1,8,14,17,139,13.73625,351.27925
2006-08-14 17:00:00,1,8,14,17,139,13.92525,351.76525000000004
2006-08-14 17:00:00,1,8,14,17,139,14.087250000000001,351.83275000000003
2006-08-14 17:00:00,1,8,14,17,139,14.11425,351.44125
2006-08-14 17:00:00,1,8,14,17,139,14.27625,354.73525
2006-08-14 17:00:00,1,8,14,17,85,11.03625,356.38225
2006-08-14 17:00:00,1,8,14,17,85,11.29275,356.47675000000004
2006-08-14 17:00:00,1,8,14,17,85,11.34675,356.42275
2006-08-14 17:00:00,1,8,14,17,85,11.61675,356.00425
2006-08-14 17:00:00,1,8,14,17,85,11.76525,355.42375
2006-08-15 17:00:00,1,8,15,17,10,10.59075,353.12875
2006-08-15 17:00:00,1,8,15,17,10,10.57725,353.37175
2006-08-15 17:00:00,1,8,15,17,10,10.69875,353.34475000000003
2006-08-15 17:00:00,1,8,15,17,10,11.02275,352.80475
2006-08-15 17:00:00,1,8,15,17,10,11.14425,352.91275
2006-08-15 17:00:00,1,8,15,17,10,11.414250000000001,352.42675
2006-08-15 17:00:00,1,8,15,17,10,11.77875,352.41325
2006-08-15 17:00:00,1,8,15,17,10,11.85975,352.48075
2006-08-15 17:00:00,1,8,15,17,10,12.12975,352.45375
2006-08-15 17:00:00,1,8,15,17,10,12.23775,352.38625
2006-08-15 17:00:00,1,8,15,17,10,12.23775,352.44025
2006-08-15 17:00:00,1,8,15,17,10,15.11325,352.26475
2006-08-15 17:00:00,1,8,15,17,10,15.16725,352.18375000000003
2006-08-15 17:00:00,1,8,15,17,10,15.15375,351.83275000000003
2006-08-15 17:00:00,1,8,15,17,10,15.27525,353.20975
2006-08-15 17:00:00,1,8,15,17,10,15.31575,351.72475000000003
2006-08-15 17:00:00,1,8,15,17,10,15.36975,353.02075
2006-08-15 17:00:00,1,8,15,17,10,15.41025,351.94075000000004
2006-08-15 17:00:00,1,8,15,17,10,15.42375,352.64275000000004
2006-08-15 17:00:00,1,8,15,17,10,15.42375,352.52125
2006-08-15 17:00:00,1,8,15,17,10,15.47775,351.94075000000004
2006-08-15 17:00:00,1,8,15,17,10,15.50475,352.46725000000004
2006-08-15 17:00:00,1,8,15,17,10,15.58575,351.91375
2006-08-15 17:00:00,1,8,15,17,10,15.72075,352.37275
2006-08-15 17:00:00,1,8,15,17,10,16.03125,353.20975
2006-08-15 17:00:00,1,8,15,17,10,16.23375,353.04775
2006-08-15 17:00:00,1,8,15,17,10,16.47675,353.50675
2006-08-15 17:00:00,1,8,15,17,10,16.62525,353.50675
2006-08-16 17:00:00,1,8,16,17,87,10.87425,376.84825
2006-08-16 17:00:00,1,8,16,17,87,11.00925,376.82125
2006-08-16 17:00:00,1,8,16,17,87,11.68425,377.40175
2006-08-16 17:00:00,1,8,16,17,87,11.73825,377.38825
2006-08-16 17:00:00,1,8,16,17,87,11.77875,377.26675
2006-08-16 17:00:00,1,8,16,17,87,12.03525,377.25325
2006-08-18 17:00:00,1,8,18,17,109,12.02175,349.09225000000004
2006-08-18 17:00:00,1,8,18,17,109,12.34575,348.94375
2006-08-18 17:00:00,1,8,18,17,109,12.45375,348.78175
2006-08-18 17:00:00,1,8,18,17,109,12.60225,349.06525
2006-08-18 17:00:00,1,8,18,17,109,12.588750000000001,348.91675000000004
2006-08-18 17:00:00,1,8,18,17,109,12.66975,349.26775000000004
2006-08-18 17:00:00,1,8,18,17,109,12.72375,348.83575
2006-08-18 17:00:00,1,8,18,17,109,12.71025,348.94375
2006-08-18 17:00:00,1,8,18,17,109,12.80475,348.88975
2006-08-18 17:00:00,1,8,18,17,109,12.91275,348.83575
2006-08-18 17:00:00,1,8,18,17,109,12.96675,348.99775
2006-08-18 17:00:00,1,8,18,17,109,13.02075,348.97075
2006-08-18 17:00:00,1,8,18,17,109,13.30425,349.53775
2006-08-18 17:00:00,1,8,18,17,109,13.31775,349.17325
2006-08-18 17:00:00,1,8,18,17,132,12.305250000000001,374.99875000000003
2006-08-18 17:00:00,1,8,18,17,132,12.494250000000001,377.18575
2006-08-18 17:00:00,1,8,18,17,132,12.50775,374.97175
2006-08-18 17:00:00,1,8,18,17,132,12.89925,377.86075
2006-08-18 17:00:00,1,8,18,17,132,12.95325,374.13475
2006-08-18 17:00:00,1,8,18,17,132,13.15575,374.35075
2006-08-18 17:00:00,1,8,18,17,132,13.16925,374.56675
2006-08-18 17:00:00,1,8,18,17,132,13.31775,373.81075
2006-08-18 17:00:00,1,8,18,17,132,13.290750000000001,375.47125
2006-08-18 17:00:00,1,8,18,17,132,13.35825,373.64875
2006-08-18 17:00:00,1,8,18,17,132,13.385250000000001,373.45975
2006-08-18 17:00:00,1,8,18,17,132,13.385250000000001,373.51375
2006-08-18 17:00:00,1,8,18,17,132,13.42575,375.97075
2006-08-18 17:00:00,1,8,18,17,132,13.46625,375.51175
2006-08-18 17:00:00,1,8,18,17,132,14.16825,375.64675
2006-08-18 17:00:00,1,8,18,17,132,14.22225,375.48475
2006-08-19 17:00:00,1,8,19,17,106,12.73725,372.05575
2006-08-19 17:00:00,1,8,19,17,106,12.79125,371.88025
2006-08-19 17:00:00,1,8,19,17,106,12.87225,370.94875
2006-08-19 17:00:00,1,8,19,17,106,13.11525,372.62275
2006-08-20 17:00:00,1,8,20,17,95,10.22625,364.68475
2006-08-20 17:00:00,1,8,20,17,95,10.28025,364.22575
2006-08-20 17:00:00,1,8,20,17,95,10.28025,364.38775
2006-08-20 17:00:00,1,8,20,17,95,10.36125,363.36175000000003
2006-08-20 17:00:00,1,8,20,17,95,10.59075,362.76775000000004
2006-08-20 17:00:00,1,8,20,17,95,10.95525,362.28175
2006-08-20 17:00:00,1,8,20,17,95,11.22525,363.38875
2006-08-20 17:00:00,1,8,20,17,95,11.30625,362.84875
2006-08-20 17:00:00,1,8,20,17,95,11.31975,362.75425
2006-08-20 17:00:00,1,8,20,17,95,11.53575,362.71375
2006-08-20 17:00:00,1,8,20,17,95,11.49525,363.96925
2006-08-20 17:00:00,1,8,20,17,95,12.00825,362.68675
2006-08-20 17:00:00,1,8,20,17,95,12.17025,363.24025
2006-08-20 17:00:00,1,8,20,17,95,12.54825,363.14575
2006-08-20 17:00:00,1,8,20,17,13,11.414250000000001,372.54175
2006-08-20 17:00:00,1,8,20,17,13,11.63025,372.35275
2006-08-20 17:00:00,1,8,20,17,13,11.63025,372.52825
2006-08-20 17:00:00,1,8,20,17,13,12.14325,372.46075
2006-08-20 17:00:00,1,8,20,17,13,12.27825,372.42025
2006-08-20 17:00:00,1,8,20,17,13,12.41325,370.40875
2006-08-20 17:00:00,1,8,20,17,13,12.54825,372.62275
2006-08-20 17:00:00,1,8,20,17,13,12.93975,372.56875
2006-08-20 17:00:00,1,8,20,17,13,12.96675,372.48775
2006-08-20 17:00:00,1,8,20,17,13,13.06125,372.04225
2006-08-20 17:00:00,1,8,20,17,13,13.08825,372.36625000000004
2006-08-20 17:00:00,1,8,20,17,13,13.08825,372.56875
2006-08-20 17:00:00,1,8,20,17,13,13.14225,370.89475
2006-08-20 17:00:00,1,8,20,17,13,13.196250000000001,372.59575
2006-08-20 17:00:00,1,8,20,17,13,13.25025,371.32675
2006-08-20 17:00:00,1,8,20,17,13,13.56075,371.40775
2006-08-20 17:00:00,1,8,20,17,13,13.62825,372.32575
2006-08-20 17:00:00,1,8,20,17,13,14.14125,371.43475
2006-08-20 17:00:00,1,8,20,17,13,14.16825,371.56975
2006-08-20 17:00:00,1,8,20,17,13,14.16825,371.67775
2006-08-20 17:00:00,1,8,20,17,13,14.51925,371.58325
2006-08-20 17:00:00,1,8,20,17,13,14.54625,371.43475
2006-08-20 17:00:00,1,8,20,17,13,14.57325,373.01425
2006-08-20 17:00:00,1,8,20,17,13,14.66775,372.16375
2006-08-20 17:00:00,1,8,20,17,13,15.18075,376.96975000000003
2006-08-20 17:00:00,1,8,20,17,13,15.26175,376.86175000000003
2006-08-21 17:00:00,1,8,21,17,151,12.494250000000001,365.99425
2006-08-21 17:00:00,1,8,21,17,151,13.12875,365.94025
2006-08-21 17:00:00,1,8,21,17,151,13.33125,365.87275
2006-08-21 17:00:00,1,8,21,17,151,13.34475,365.96725000000004
2006-08-21 17:00:00,1,8,21,17,174,13.58775,360.99925
2006-08-21 17:00:00,1,8,21,17,174,14.10075,360.81025
2006-08-21 17:00:00,1,8,21,17,174,14.81625,360.45925
2006-08-22 17:00:00,1,8,22,17,9,12.37275,364.73875
2006-08-22 17:00:00,1,8,22,17,9,12.42675,364.72525
2006-08-22 17:00:00,1,8,22,17,9,12.80475,364.68475
2006-08-22 17:00:00,1,8,22,17,9,12.84525,364.03675
2006-08-22 17:00:00,1,8,22,17,9,13.02075,364.73875
2006-08-22 17:00:00,1,8,22,17,9,13.22325,364.68475
2006-08-22 17:00:00,1,8,22,17,9,13.50675,366.69625
2006-08-22 17:00:00,1,8,22,17,9,13.77675,366.49375000000003
2006-08-22 17:00:00,1,8,22,17,9,14.03325,366.33175
2006-08-22 17:00:00,1,8,22,17,9,14.12775,366.48025
2006-08-22 17:00:00,1,8,22,17,146,15.04575,364.37425
2006-08-22 17:00:00,1,8,22,17,146,15.15375,364.25275
2006-08-22 17:00:00,1,8,22,17,146,16.15275,365.37325
2006-08-22 17:00:00,1,8,22,17,127,9.726750000000001,351.71125
2006-08-22 17:00:00,1,8,22,17,127,10.06425,352.98025
2006-08-22 17:00:00,1,8,22,17,127,10.79325,352.46725000000004
2006-08-22 17:00:00,1,8,22,17,127,11.15775,352.38625
2006-08-22 17:00:00,1,8,22,17,127,11.54925,351.53575
2006-08-22 17:00:00,1,8,22,17,127,11.77875,351.38725
2006-08-22 17:00:00,1,8,22,17,127,11.98125,356.71975000000003
2006-08-22 17:00:00,1,8,22,17,127,12.08925,351.98125
2006-08-22 17:00:00,1,8,22,17,127,12.08925,352.08925
2006-08-22 17:00:00,1,8,22,17,127,12.08925,356.67925
2006-08-22 17:00:00,1,8,22,17,127,12.23775,351.67075
2006-08-22 17:00:00,1,8,22,17,127,12.17025,351.73825
2006-08-22 17:00:00,1,8,22,17,127,12.25125,351.46825
2006-08-22 17:00:00,1,8,22,17,127,13.15575,351.49525
2006-08-22 17:00:00,1,8,22,17,127,13.22325,351.54925000000003
2006-08-22 17:00:00,1,8,22,17,127,13.54725,352.06225
2006-08-22 17:00:00,1,8,22,17,127,13.57425,352.11625000000004
2006-08-22 17:00:00,1,8,22,17,127,15.55875,354.74875000000003
2006-08-22 17:00:00,1,8,22,17,164,11.23875,371.31325000000004
2006-08-22 17:00:00,1,8,22,17,164,11.92725,371.82625
2006-08-22 17:00:00,1,8,22,17,164,11.95425,372.25825000000003
2006-08-22 17:00:00,1,8,22,17,164,11.95425,372.42025
2006-08-22 17:00:00,1,8,22,17,164,11.95425,372.77125
2006-08-22 17:00:00,1,8,22,17,164,11.95425,372.01525000000004
2006-08-23 17:00:00,1,8,23,17,124,12.22425,349.05175
2006-08-23 17:00:00,1,8,23,17,118,9.92925,371.79925000000003
2006-08-23 17:00:00,1,8,23,17,118,11.14425,370.63825
2006-08-23 17:00:00,1,8,23,17,118,11.13075,370.90825
2006-08-23 17:00:00,1,8,23,17,129,9.67275,354.69475
2006-08-23 17:00:00,1,8,23,17,129,9.76725,354.37075
2006-08-23 17:00:00,1,8,23,17,129,9.821250000000001,354.42475
2006-08-23 17:00:00,1,8,23,17,129,9.87525,354.12775
2006-08-23 17:00:00,1,8,23,17,129,9.87525,354.93775
2006-08-23 17:00:00,1,8,23,17,129,9.87525,354.64075
2006-08-23 17:00:00,1,8,23,17,129,9.92925,355.31575000000004
2006-08-23 17:00:00,1,8,23,17,129,9.90225,355.04575
2006-08-23 17:00:00,1,8,23,17,129,9.98325,353.45275000000004
2006-08-23 17:00:00,1,8,23,17,129,10.02375,353.91175
2006-08-23 17:00:00,1,8,23,17,129,10.30725,354.91075
2006-08-23 17:00:00,1,8,23,17,129,10.33425,354.26275
2006-08-23 17:00:00,1,8,23,17,129,10.73925,356.00425
2006-08-23 17:00:00,1,8,23,17,129,10.76625,353.15575
2006-08-23 17:00:00,1,8,23,17,129,10.86075,356.26075000000003
2006-08-23 17:00:00,1,8,23,17,129,11.36025,355.55875000000003
2006-08-23 17:00:00,1,8,23,17,129,11.73825,354.93775
2006-08-23 17:00:00,1,8,23,17,129,12.25125,354.45175
2006-08-23 17:00:00,1,8,23,17,129,13.47975,353.97925000000004
2006-08-23 17:00:00,1,8,23,17,129,13.54725,354.00625
2006-08-23 17:00:00,1,8,23,17,129,13.79025,359.74375000000003
2006-08-23 17:00:00,1,8,23,17,129,14.85675,355.22125
2006-08-23 17:00:00,1,8,23,17,129,14.95125,355.12675
2006-08-23 17:00:00,1,8,23,17,129,15.08625,355.12675
2006-08-23 17:00:00,1,8,23,17,129,15.19425,355.07275
2006-08-23 17:00:00,1,8,23,17,26,10.63125,364.18525
2006-08-23 17:00:00,1,8,23,17,26,10.68525,364.37425
2006-08-23 17:00:00,1,8,23,17,26,12.60225,360.95875
2006-08-23 17:00:00,1,8,23,17,26,12.77775,360.82375
2006-08-23 17:00:00,1,8,23,17,26,12.87225,360.67525
2006-08-23 17:00:00,1,8,23,17,26,12.87225,362.26825
2006-08-23 17:00:00,1,8,23,17,26,12.98025,360.54025
2006-08-23 17:00:00,1,8,23,17,26,12.95325,360.78325
2006-08-23 17:00:00,1,8,23,17,26,13.00725,362.28175
2006-08-23 17:00:00,1,8,23,17,26,13.06125,362.37625
2006-08-23 17:00:00,1,8,23,17,26,13.14225,363.24025
2006-08-23 17:00:00,1,8,23,17,26,13.12875,360.47275
2006-08-23 17:00:00,1,8,23,17,26,13.23675,363.02425
2006-08-23 17:00:00,1,8,23,17,26,13.25025,360.59425
2006-08-23 17:00:00,1,8,23,17,26,13.26375,362.44375
2006-08-23 17:00:00,1,8,23,17,26,13.290750000000001,362.67325
2006-08-23 17:00:00,1,8,23,17,26,13.27725,362.86225
2006-08-23 17:00:00,1,8,23,17,26,13.33125,362.78125
2006-08-23 17:00:00,1,8,23,17,26,13.41225,362.22775
2006-08-23 17:00:00,1,8,23,17,26,13.57425,362.29525
2006-08-24 17:00:00,1,8,24,17,144,10.99575,353.60125
2006-08-24 17:00:00,1,8,24,17,144,11.48175,355.04575
2006-08-24 17:00:00,1,8,24,17,144,11.95425,354.15475000000004
2006-08-24 17:00:00,1,8,24,17,144,12.31875,354.03325
2006-08-24 17:00:00,1,8,24,17,144,12.50775,354.06025
2006-08-24 17:00:00,1,8,24,17,144,12.66975,355.50475
2006-08-24 17:00:00,1,8,24,17,144,13.101750000000001,355.07275
2006-08-24 17:00:00,1,8,24,17,144,13.12875,355.12675
2006-08-24 17:00:00,1,8,24,17,144,13.196250000000001,355.00525
2006-08-24 17:00:00,1,8,24,17,160,11.54925,370.39525000000003
2006-08-24 17:00:00,1,8,24,17,160,11.63025,369.94975
2006-08-24 17:00:00,1,8,24,17,160,11.65725,370.16575
2006-08-24 17:00:00,1,8,24,17,160,11.85975,370.51675
2006-08-24 17:00:00,1,8,24,17,160,12.00825,370.51675
2006-08-24 17:00:00,1,8,24,17,160,12.11625,370.57075000000003
2006-08-24 17:00:00,1,8,24,17,160,12.35925,370.84075
2006-08-24 17:00:00,1,8,24,17,160,12.44025,370.85425000000004
2006-08-24 17:00:00,1,8,24,17,160,12.64275,370.81375
2006-08-24 17:00:00,1,8,24,17,160,12.64275,370.69225
2006-08-25 17:00:00,1,8,25,17,26,11.72475,372.19075
2006-08-25 17:00:00,1,8,25,17,26,11.91375,372.62275
2006-08-25 17:00:00,1,8,25,17,26,11.98125,372.47425
2006-08-25 17:00:00,1,8,25,17,26,12.10275,372.77125
2006-08-25 17:00:00,1,8,25,17,26,12.23775,372.73075
2006-08-25 17:00:00,1,8,25,17,26,12.37275,372.60925000000003
2006-08-25 17:00:00,1,8,25,17,26,12.53475,372.55525
2006-08-26 17:00:00,1,8,26,17,38,9.76725,357.89425
2006-08-26 17:00:00,1,8,26,17,38,9.98325,357.86725
2006-08-26 17:00:00,1,8,26,17,38,10.010250000000001,358.19125
2006-08-26 17:00:00,1,8,26,17,38,10.06425,358.15075
2006-08-26 17:00:00,1,8,26,17,38,10.09125,357.78625
2006-08-26 17:00:00,1,8,26,17,38,10.40175,358.16425000000004
2006-08-26 17:00:00,1,8,26,17,38,10.49625,358.05625000000003
2006-08-26 17:00:00,1,8,26,17,38,10.49625,358.13725
2006-08-26 17:00:00,1,8,26,17,61,10.25325,370.26025
2006-08-26 17:00:00,1,8,26,17,61,10.34775,370.24675
2006-08-26 17:00:00,1,8,26,17,127,14.64075,373.18975
2006-08-26 17:00:00,1,8,26,17,127,14.69475,373.59475000000003
2006-08-26 17:00:00,1,8,26,17,127,14.74875,373.25725
2006-08-26 17:00:00,1,8,26,17,127,14.82975,373.29775
2006-08-26 17:00:00,1,8,26,17,127,15.19425,373.45975
2006-08-26 17:00:00,1,8,26,17,127,15.36975,372.96025000000003
2006-08-26 17:00:00,1,8,26,17,127,15.45075,373.32475
2006-08-26 17:00:00,1,8,26,17,127,15.50475,373.13575000000003
2006-08-26 17:00:00,1,8,26,17,127,15.55875,373.00075000000004
2006-08-27 17:00:00,1,8,27,17,154,14.03325,365.48125
2006-08-27 17:00:00,1,8,27,17,154,14.15475,365.54875
2006-08-27 17:00:00,1,8,27,17,154,14.31675,365.50825000000003
2006-08-27 17:00:00,1,8,27,17,154,14.58675,365.49475
2006-08-27 17:00:00,1,8,27,17,145,12.71025,369.86875000000003
2006-08-27 17:00:00,1,8,27,17,145,12.99375,369.65275
2006-08-27 17:00:00,1,8,27,17,145,14.06025,368.73475
2006-08-27 17:00:00,1,8,27,17,145,14.181750000000001,368.65375
2006-08-27 17:00:00,1,8,27,17,145,14.82975,368.43775
2006-08-27 17:00:00,1,8,27,17,145,14.85675,368.35675000000003
2006-08-27 17:00:00,1,8,27,17,145,14.96475,368.11375
2006-08-27 17:00:00,1,8,27,17,145,15.18075,367.76275
2006-08-27 17:00:00,1,8,27,17,132,10.59075,362.30875000000003
2006-08-27 17:00:00,1,8,27,17,132,10.73925,362.72725
2006-08-27 17:00:00,1,8,27,17,132,10.76625,362.65975000000003
2006-08-27 17:00:00,1,8,27,17,132,10.79325,362.52475000000004
2006-08-27 17:00:00,1,8,27,17,132,10.82025,362.47075
2006-08-27 17:00:00,1,8,27,17,132,10.82025,362.60575
2006-08-27 17:00:00,1,8,27,17,132,11.00925,362.22775
2006-08-27 17:00:00,1,8,27,17,132,11.02275,362.36275
2006-08-27 17:00:00,1,8,27,17,132,11.14425,362.30875000000003
2006-08-27 17:00:00,1,8,27,17,132,11.14425,362.43025
2006-08-27 17:00:00,1,8,27,17,132,11.26575,362.34925
2006-08-27 17:00:00,1,8,27,17,132,11.45475,362.57875
2006-08-27 17:00:00,1,8,27,17,132,11.63025,362.57875
2006-08-28 17:00:00,1,8,28,17,30,10.40175,357.86725
2006-08-28 17:00:00,1,8,28,17,30,10.712250000000001,357.65125
2006-08-28 17:00:00,1,8,28,17,30,10.75275,357.27325
2006-08-28 17:00:00,1,8,28,17,30,10.77975,357.36775
2006-08-28 17:00:00,1,8,28,17,30,11.45475,357.52975000000004
2006-08-28 17:00:00,1,8,28,17,30,11.90025,357.43525
2006-08-28 17:00:00,1,8,28,17,30,12.399750000000001,357.74575
2006-08-28 17:00:00,1,8,28,17,30,12.41325,357.61075
2006-08-28 17:00:00,1,8,28,17,30,12.69675,357.21925
2006-08-28 17:00:00,1,8,28,17,30,13.70925,357.52975000000004
2006-08-28 17:00:00,1,8,28,17,30,13.73625,357.44875
2006-08-28 17:00:00,1,8,28,17,118,11.92725,376.14625
2006-08-28 17:00:00,1,8,28,17,118,12.11625,376.02475000000004
2006-08-28 17:00:00,1,8,28,17,118,12.34575,376.34875
2006-08-28 17:00:00,1,8,28,17,118,12.87225,375.99775
2006-08-28 17:00:00,1,8,28,17,118,13.00725,376.05175
2006-08-28 17:00:00,1,8,28,17,140,10.49625,372.67675
2006-08-28 17:00:00,1,8,28,17,140,10.82025,372.48775
2006-08-28 17:00:00,1,8,28,17,140,10.82025,372.59575
2006-08-28 17:00:00,1,8,28,17,140,12.03525,372.56875
2006-08-28 17:00:00,1,8,28,17,140,12.57525,372.35275
2006-08-28 17:00:00,1,8,28,17,140,12.68325,372.64975000000004
2006-08-28 17:00:00,1,8,28,17,140,12.84525,372.94675
2006-08-28 17:00:00,1,8,28,17,140,12.85875,372.62275
2006-08-28 17:00:00,1,8,28,17,140,12.93975,373.00075000000004
2006-08-28 17:00:00,1,8,28,17,140,12.93975,372.60925000000003
2006-08-28 17:00:00,1,8,28,17,130,18.56925,360.93175
2006-08-28 17:00:00,1,8,28,17,130,18.94725,360.79675000000003
2006-08-29 17:00:00,1,8,29,17,101,12.50775,371.88025
2006-08-29 17:00:00,1,8,29,17,101,12.66975,371.86675
2006-08-29 17:00:00,1,8,29,17,101,12.76425,371.78575
2006-08-29 17:00:00,1,8,29,17,101,12.84525,371.82625
2006-08-29 17:00:00,1,8,29,17,14,9.14625,353.83075
2006-08-29 17:00:00,1,8,29,17,14,10.17225,351.36025
2006-08-29 17:00:00,1,8,29,17,14,10.33425,351.49525
2006-08-29 17:00:00,1,8,29,17,14,10.38825,351.38725
2006-08-29 17:00:00,1,8,29,17,14,10.52325,351.48175000000003
2006-08-29 17:00:00,1,8,29,17,14,10.57725,351.36025
2006-08-29 17:00:00,1,8,29,17,14,10.65825,351.52225
2006-08-29 17:00:00,1,8,29,17,14,11.25225,351.57625
2006-08-29 17:00:00,1,8,29,17,14,11.46825,351.58975000000004
2006-08-29 17:00:00,1,8,29,17,14,11.65725,351.57625
2006-08-29 17:00:00,1,8,29,17,14,12.06225,351.68425
2006-08-29 17:00:00,1,8,29,17,14,12.18375,351.65725000000003
2006-08-29 17:00:00,1,8,29,17,14,13.23675,351.64375
2006-08-29 17:00:00,1,8,29,17,14,13.35825,351.92725
2006-08-29 17:00:00,1,8,29,17,14,13.41225,351.98125
2006-08-29 17:00:00,1,8,29,17,14,13.52025,352.17025
2006-08-29 17:00:00,1,8,29,17,14,13.52025,351.95425
2006-08-29 17:00:00,1,8,29,17,14,13.52025,352.06225
2006-08-30 17:00:00,1,8,30,17,116,13.74975,372.27175
2006-08-30 17:00:00,1,8,30,17,116,13.89825,372.28525
2006-08-30 17:00:00,1,8,30,17,116,13.91175,372.21775
2006-08-30 17:00:00,1,8,30,17,116,14.06025,372.09625
2006-08-30 17:00:00,1,8,30,17,13,13.06125,359.62225
2006-08-30 17:00:00,1,8,30,17,13,15.12675,361.91725
2006-08-30 17:00:00,1,8,30,17,13,15.19425,362.18725
2006-08-30 17:00:00,1,8,30,17,13,15.24825,362.05225
2006-08-30 17:00:00,1,8,30,17,13,15.35625,361.41775
2006-08-30 17:00:00,1,8,30,17,13,15.30225,362.70025
2006-08-30 17:00:00,1,8,30,17,13,15.31575,362.02525
2006-08-30 17:00:00,1,8,30,17,13,15.34275,362.80825
2006-08-30 17:00:00,1,8,30,17,13,15.43725,362.01175
2006-08-30 17:00:00,1,8,30,17,13,15.54525,361.21525
2006-08-30 17:00:00,1,8,30,17,13,15.53175,362.43025
2006-08-30 17:00:00,1,8,30,17,13,15.57225,361.40425
2006-08-30 17:00:00,1,8,30,17,13,15.54525,362.53825
2006-08-30 17:00:00,1,8,30,17,13,15.57225,360.97225000000003
2006-08-30 17:00:00,1,8,30,17,13,15.57225,360.89125
2006-08-30 17:00:00,1,8,30,17,13,15.62625,361.05325
2006-08-30 17:00:00,1,8,30,17,13,15.65325,361.16125
2006-08-30 17:00:00,1,8,30,17,13,15.70725,361.18825000000004
2006-08-30 17:00:00,1,8,30,17,13,15.76125,360.97225000000003
2006-08-30 17:00:00,1,8,30,17,13,15.81525,361.18825000000004
2006-08-30 17:00:00,1,8,30,17,13,15.89625,360.86425
2006-08-30 17:00:00,1,8,30,17,13,15.89625,361.29625
2006-08-30 17:00:00,1,8,30,17,13,16.13925,361.18825000000004
2006-08-31 17:00:00,1,8,31,17,156,12.26475,349.15975000000003
2006-08-31 17:00:00,1,8,31,17,156,13.25025,348.56575000000004
2006-08-31 17:00:00,1,8,31,17,156,13.37175,348.59275
2006-08-31 17:00:00,1,8,31,17,156,13.39875,348.74125000000004
2006-08-31 17:00:00,1,8,31,17,155,10.30725,377.10475
2006-08-31 17:00:00,1,8,31,17,155,10.75275,376.56475
2006-08-31 17:00:00,1,8,31,17,155,11.00925,376.90225
2006-08-31 17:00:00,1,8,31,17,155,11.38725,377.01025000000004
2006-08-31 17:00:00,1,8,31,17,124,12.399750000000001,364.49575
2006-08-31 17:00:00,1,8,31,17,124,12.45375,364.68475
2006-08-31 17:00:00,1,8,31,17,124,12.53475,364.52275000000003
2006-08-31 17:00:00,1,8,31,17,124,12.56175,364.63075000000003
2006-08-31 17:00:00,1,8,31,17,124,12.61575,364.61725
2006-08-31 17:00:00,1,8,31,17,124,12.66975,364.44175
2006-08-31 17:00:00,1,8,31,17,124,12.72375,364.14475
2006-08-31 17:00:00,1,8,31,17,124,12.75075,364.30675
2006-08-31 17:00:00,1,8,31,17,124,12.89925,364.46875
2006-08-31 17:00:00,1,8,31,17,133,9.14625,376.82125
2006-08-31 17:00:00,1,8,31,17,133,9.24075,376.10575
2006-08-31 17:00:00,1,8,31,17,133,9.47025,376.06525
2006-08-31 17:00:00,1,8,31,17,133,10.29375,377.10475
2006-08-31 17:00:00,1,8,31,17,154,10.09125,353.91175
2006-08-31 17:00:00,1,8,31,17,154,10.26675,353.88475
2006-08-31 17:00:00,1,8,31,17,154,10.28025,354.01975
2006-08-31 17:00:00,1,8,31,17,143,17.74575,366.22375
2006-09-01 17:00:00,1,9,1,17,60,11.14425,352.80475
2006-09-01 17:00:00,1,9,1,17,60,11.38725,352.25125
2006-09-01 17:00:00,1,9,1,17,60,11.414250000000001,352.42675
2006-09-01 17:00:00,1,9,1,17,60,11.52225,352.52125
2006-09-01 17:00:00,1,9,1,17,60,11.54925,352.62925
2006-09-01 17:00:00,1,9,1,17,60,11.63025,352.75075000000004
2006-09-01 17:00:00,1,9,1,17,60,11.603250000000001,352.93975
2006-09-01 17:00:00,1,9,1,17,60,11.98125,352.91275
2006-09-01 17:00:00,1,9,1,17,60,11.99475,353.06125000000003
2006-09-01 17:00:00,1,9,1,17,60,12.65625,348.71425
2006-09-01 17:00:00,1,9,1,17,60,13.00725,353.14225
2006-09-01 17:00:00,1,9,1,17,60,13.06125,353.33125
2006-09-01 17:00:00,1,9,1,17,60,13.11525,353.25025
2006-09-01 17:00:00,1,9,1,17,60,13.101750000000001,352.95325
2006-09-01 17:00:00,1,9,1,17,60,13.25025,353.22325
2006-09-01 17:00:00,1,9,1,17,60,13.43925,354.78925000000004
2006-09-01 17:00:00,1,9,1,17,60,13.80375,356.54425000000003
2006-09-01 17:00:00,1,9,1,17,60,14.31675,355.16725
2006-09-01 17:00:00,1,9,1,17,60,14.69475,354.11425
2006-09-01 17:00:00,1,9,1,17,60,15.70725,351.49525
2006-09-01 17:00:00,1,9,1,17,60,15.86925,351.57625
2006-09-02 17:00:00,1,9,2,17,150,10.79325,372.37975
2006-09-02 17:00:00,1,9,2,17,150,10.901250000000001,372.32575
2006-09-02 17:00:00,1,9,2,17,150,10.99575,372.21775
